date,code,name,product,median,avg,low,high,count
2026-04-01,ME01,Mega Evolution,Booster Box,400.0,403.33,390.0,419.99,3
2026-04-01,ME01,Mega Evolution,Enhanced Booster Box,409.95,410.73,360.0,449.99,39
2026-04-01,ME01,Mega Evolution,ETB,159.5,157.1,139.99,185.0,20
2026-04-01,ME01,Mega Evolution,PC ETB,162.47,158.28,139.99,185.0,16
2026-04-01,ME01,Mega Evolution,Booster Bundle,84.97,82.35,70.0,89.99,20
2026-04-01,ME02,Phantasmal Flames,Booster Box,500.0,505.15,419.0,600.0,44
2026-04-01,ME02,Phantasmal Flames,ETB,170.0,172.35,145.0,200.0,50
2026-04-01,ME02,Phantasmal Flames,PC ETB,162.47,161.23,124.99,225.0,54
2026-04-01,ME02,Phantasmal Flames,Booster Bundle,85.0,84.53,70.0,105.0,43
2026-04-01,ME2.5,Ascended Heroes,ETB,190.7,192.49,165.0,230.0,38
2026-04-01,ME2.5,Ascended Heroes,PC ETB,180.0,186.9,168.88,219.0,27
2026-04-01,ME2.5,Ascended Heroes,Booster Bundle,100.0,100.37,79.0,130.0,24
2026-04-01,ME03,Perfect Order,Booster Box,328.0,329.9,286.0,425.0,21
2026-04-01,ME03,Perfect Order,ETB,122.4,123.87,100.0,145.0,27
2026-04-01,ME03,Perfect Order,PC ETB,129.47,130.17,122.4,140.0,8
2026-04-01,ME03,Perfect Order,Booster Bundle,70.0,73.82,57.0,93.5,11
2026-04-02,ME01,Mega Evolution,Booster Box,400.0,400.0,400.0,400.0,1
2026-04-02,ME01,Mega Evolution,Enhanced Booster Box,419.0,420.3,375.0,499.88,41
2026-04-02,ME01,Mega Evolution,ETB,164.95,160.06,139.0,185.0,21
2026-04-02,ME01,Mega Evolution,PC ETB,164.99,167.09,139.0,250.0,21
2026-04-02,ME01,Mega Evolution,Booster Bundle,85.0,83.63,70.0,100.0,24
2026-04-02,ME02,Phantasmal Flames,Booster Box,450.0,460.99,363.0,600.0,131
2026-04-02,ME02,Phantasmal Flames,ETB,150.0,158.57,124.99,215.0,139
2026-04-02,ME02,Phantasmal Flames,PC ETB,160.0,159.97,130.0,225.0,55
2026-04-02,ME02,Phantasmal Flames,Booster Bundle,84.97,83.88,70.0,105.0,52
2026-04-02,ME2.5,Ascended Heroes,ETB,185.0,186.18,157.5,230.0,104
2026-04-02,ME2.5,Ascended Heroes,PC ETB,180.0,184.65,159.95,219.0,30
2026-04-02,ME2.5,Ascended Heroes,Booster Bundle,100.0,101.26,79.0,140.0,27
2026-04-02,ME03,Perfect Order,Booster Box,324.0,328.2,286.0,425.0,24
2026-04-02,ME03,Perfect Order,ETB,123.7,124.55,100.0,147.98,28
2026-04-02,ME03,Perfect Order,PC ETB,129.0,126.82,110.0,140.0,15
2026-04-02,ME03,Perfect Order,Booster Bundle,70.0,73.82,57.0,93.5,11
2026-04-03,ME01,Mega Evolution,Booster Box,400.0,403.33,390.0,419.99,3
2026-04-03,ME01,Mega Evolution,Enhanced Booster Box,409.98,410.83,360.0,449.99,44
2026-04-03,ME01,Mega Evolution,ETB,162.72,161.35,139.99,185.0,20
2026-04-03,ME01,Mega Evolution,PC ETB,165.0,171.61,139.0,250.0,21
2026-04-03,ME01,Mega Evolution,Booster Bundle,84.97,82.33,70.0,89.99,24
2026-04-03,ME02,Phantasmal Flames,Booster Box,453.5,464.96,363.0,600.0,132
2026-04-03,ME02,Phantasmal Flames,ETB,154.99,158.85,125.0,215.0,137
2026-04-03,ME02,Phantasmal Flames,PC ETB,162.47,161.92,130.0,225.0,54
2026-04-03,ME02,Phantasmal Flames,Booster Bundle,84.97,83.88,70.0,105.0,52
2026-04-03,ME2.5,Ascended Heroes,ETB,185.0,186.59,157.5,230.0,104
2026-04-03,ME2.5,Ascended Heroes,PC ETB,180.0,186.53,165.0,219.95,41
2026-04-03,ME2.5,Ascended Heroes,Booster Bundle,100.0,100.64,79.0,140.0,25
2026-04-03,ME03,Perfect Order,Booster Box,324.0,328.2,286.0,425.0,24
2026-04-03,ME03,Perfect Order,ETB,124.99,125.22,107.0,145.0,27
2026-04-03,ME03,Perfect Order,PC ETB,125.0,126.77,115.0,140.0,12
2026-04-03,ME03,Perfect Order,Booster Bundle,70.0,73.82,57.0,93.5,11
2026-04-03,PROMO,Promos,EB Games Gengar 050/088,125.0,125.73,80.0,190.5,112
2026-04-03,JT,Journey Together,Lillie's Clefairy ex 184/159 SIR PSA 10,799.5,799.5,799.5,799.5,1
2026-04-03,JT,Journey Together,Lillie's Clefairy ex 184/159 SIR Raw,248.25,251.19,150.0,330.0,34
2026-04-03,SV10,Destined Rivals,Team Rocket's Mewtwo ex 231/182 SIR PSA 10,1952.0,2010.86,1775.0,2275.0,7
2026-04-03,SV10,Destined Rivals,Team Rocket's Mewtwo ex 231/182 SIR PSA 9,884.5,884.5,799.0,969.99,2
2026-04-03,SV10,Destined Rivals,Team Rocket's Mewtwo ex 231/182 SIR Raw,765.0,779.01,600.0,1000.0,50
2026-04-04,ME01,Mega Evolution,Booster Box,400.0,400.0,400.0,400.0,1
2026-04-04,ME01,Mega Evolution,Enhanced Booster Box,425.0,422.8,375.0,488.88,36
2026-04-04,ME01,Mega Evolution,ETB,164.99,163.28,139.0,199.88,21
2026-04-04,ME01,Mega Evolution,PC ETB,165.0,170.4,139.0,250.0,22
2026-04-04,ME01,Mega Evolution,Booster Bundle,84.99,82.43,70.0,89.99,23
2026-04-04,ME02,Phantasmal Flames,ETB,154.99,158.85,125.0,215.0,137
2026-04-04,ME02,Phantasmal Flames,PC ETB,160.0,161.43,130.0,225.0,57
2026-04-04,ME02,Phantasmal Flames,Booster Bundle,84.99,84.15,70.0,105.0,51
2026-04-04,ME2.5,Ascended Heroes,ETB,188.0,190.52,165.0,230.0,69
2026-04-04,ME2.5,Ascended Heroes,Booster Bundle,100.0,101.44,79.0,135.0,25
2026-04-04,ME03,Perfect Order,Booster Box,320.0,321.5,286.0,375.95,24
2026-04-04,ME03,Perfect Order,ETB,124.99,125.66,107.0,145.0,27
2026-04-04,ME03,Perfect Order,PC ETB,125.0,126.15,115.0,140.0,15
2026-04-04,ME03,Perfect Order,Booster Bundle,70.0,73.82,57.0,93.5,11
2026-04-04,PROMO,Promos,EB Games Gengar 050/088,149.5,145.83,96.0,190.5,48
2026-04-04,JT,Journey Together,Lillie's Clefairy ex 184/159 SIR PSA 10,799.5,799.5,799.5,799.5,1
2026-04-04,JT,Journey Together,Lillie's Clefairy ex 184/159 SIR Raw,254.99,255.28,150.0,350.0,43
2026-04-04,SV10,Destined Rivals,Team Rocket's Mewtwo ex 231/182 SIR PSA 9,884.5,884.5,799.0,969.99,2
2026-04-05,ME01,Mega Evolution,Booster Box,400.0,400.0,400.0,400.0,1
2026-04-05,ME01,Mega Evolution,Enhanced Booster Box,420.0,420.49,375.0,499.88,40
2026-04-05,ME01,Mega Evolution,ETB,162.49,159.95,139.0,185.0,20
2026-04-05,ME01,Mega Evolution,PC ETB,165.0,162.05,139.0,185.0,19
2026-04-05,ME01,Mega Evolution,Booster Bundle,85.0,83.33,70.0,100.0,27
2026-04-05,ME02,Phantasmal Flames,Booster Box,470.0,470.84,363.0,600.0,134
2026-04-05,ME02,Phantasmal Flames,ETB,155.0,160.1,125.0,215.0,135
2026-04-05,ME02,Phantasmal Flames,PC ETB,162.47,163.56,130.0,225.0,58
2026-04-05,ME02,Phantasmal Flames,Booster Bundle,84.99,84.15,70.0,105.0,51
2026-04-05,ME2.5,Ascended Heroes,ETB,185.0,187.39,157.5,230.0,103
2026-04-05,ME2.5,Ascended Heroes,PC ETB,189.0,188.75,165.0,225.0,49
2026-04-05,ME2.5,Ascended Heroes,Booster Bundle,100.0,103.24,79.0,140.0,25
2026-04-05,ME03,Perfect Order,Booster Box,320.0,319.64,275.0,375.95,25
2026-04-05,ME03,Perfect Order,ETB,122.4,124.28,100.0,147.98,33
2026-04-05,ME03,Perfect Order,PC ETB,125.0,125.66,110.0,140.0,17
2026-04-05,ME03,Perfect Order,Booster Bundle,69.97,72.0,52.0,93.5,12
2026-04-05,SV01,Scarlet & Violet,Booster Box,439.0,437.18,390.0,500.0,13
2026-04-05,SV01,Scarlet & Violet,ETB,210.0,244.38,140.0,450.0,30
2026-04-05,SV02,Paldea Evolved,Booster Box,647.0,639.81,550.0,718.88,48
2026-04-05,SV02,Paldea Evolved,ETB,289.99,283.94,199.0,350.0,21
2026-04-05,SV03,Obsidian Flames,Booster Box,545.0,525.15,440.0,599.0,23
2026-04-05,SV03,Obsidian Flames,ETB,374.88,374.21,275.0,450.0,25
2026-04-05,SV04,Paradox Rift,Booster Box,419.0,420.26,390.0,480.0,35
2026-04-05,SV04,Paradox Rift,ETB,188.8,189.04,145.0,215.5,11
2026-04-05,SV05,Temporal Forces,Booster Box,429.0,427.52,359.0,500.0,25
2026-04-05,SV05,Temporal Forces,ETB,200.0,200.1,165.0,238.88,17
2026-04-05,SV06,Twilight Masquerade,Booster Box,520.0,520.12,450.0,590.0,28
2026-04-05,SV06,Twilight Masquerade,ETB,169.5,166.43,130.5,200.0,32
2026-04-05,SV07,Stellar Crown,Booster Box,449.5,435.28,375.0,479.88,13
2026-04-05,SV07,Stellar Crown,ETB,191.5,199.35,160.0,279.99,18
2026-04-05,SV08,Surging Sparks,Booster Box,475.0,468.5,395.0,588.88,41
2026-04-05,SV08,Surging Sparks,ETB,150.0,154.77,110.5,206.0,66
2026-04-05,SV3.5,Pokemon 151,ETB,680.0,716.26,499.0,1200.0,91
2026-04-05,SV3.5,Pokemon 151,Booster Bundle,209.9,222.72,162.5,340.0,85
2026-04-05,SV4.5,Paldean Fates,ETB,420.0,422.93,358.73,500.0,53
2026-04-05,SV4.5,Paldean Fates,Booster Bundle,189.0,194.6,150.0,289.99,41
2026-04-05,PROMO,Promos,EB Games Gengar 050/088,129.99,128.33,80.0,200.0,127
2026-04-05,JT,Journey Together,Lillie's Clefairy ex 184/159 SIR PSA 10,799.5,799.5,799.5,799.5,1
2026-04-05,JT,Journey Together,Lillie's Clefairy ex 184/159 SIR Raw,256.99,256.95,194.5,330.0,34
2026-04-05,SV10,Destined Rivals,Team Rocket's Mewtwo ex 231/182 SIR PSA 10,1952.0,2010.86,1775.0,2275.0,7
2026-04-05,SV10,Destined Rivals,Team Rocket's Mewtwo ex 231/182 SIR PSA 9,969.99,919.66,799.0,990.0,3
2026-04-05,SV10,Destined Rivals,Team Rocket's Mewtwo ex 231/182 SIR Raw,799.99,780.99,599.0,1000.0,45
2026-04-06,PROMO,Promos,EB Games Gengar 050/088,130.0,129.13,80.0,200.0,133
2026-04-06,PROMO,Promos,Eevee SVP 173 Black Star Promo,25.46,27.02,20.73,49.99,99
2026-04-06,PROMO,Promos,Lucario VSTAR SWSH291 Black Star Promo,24.99,25.64,20.19,37.95,57
2026-04-06,PROMO,Promos,Mega Lucario ex MEP 033 Black Star Promo,40.0,39.89,27.56,50.0,56
2026-04-06,PROMO,Promos,Riolu 010 Mega Evolution ETB Promo,24.95,24.88,21.0,29.99,37
2026-04-06,PROMO,Promos,Snorlax SVP 051 Pokemon 151 ETB Promo,39.99,40.08,23.0,65.0,49
2026-04-06,PROMO,Promos,Venusaur 13 Black Star Promo,245.0,248.4,149.99,355.0,8
2026-04-06,SV03,Obsidian Flames,Cleffa IR 202/197,40.0,42.8,27.27,65.0,53
2026-04-06,SV06,Twilight Masquerade,Chansey IR 187/167,57.99,58.42,37.0,84.95,53
2026-04-06,SV08,Surging Sparks,Ceruledge IR 197/191,28.88,28.21,21.0,35.0,49
2026-04-06,PROMO,Promos,Detective Pikachu 098/SV-P Japanese Promo,467.5,493.83,464.0,550.0,3
2026-04-06,JT,Journey Together,Lillie's Clefairy ex 184/159 SIR PSA 10,799.5,799.5,799.5,799.5,1
2026-04-06,JT,Journey Together,Lillie's Clefairy ex 184/159 SIR Raw,259.47,258.35,194.5,350.0,40
2026-04-06,SV10,Destined Rivals,Team Rocket's Mewtwo ex 231/182 SIR PSA 10,2100.0,2049.8,1775.0,2275.0,5
2026-04-06,SV10,Destined Rivals,Team Rocket's Mewtwo ex 231/182 SIR PSA 9,969.99,919.66,799.0,990.0,3
2026-04-06,SV10,Destined Rivals,Team Rocket's Mewtwo ex 231/182 SIR Raw,775.0,782.86,600.0,1000.0,44
2026-04-07,ME01,Mega Evolution,Booster Box,399.0,396.33,390.0,400.0,3
2026-04-07,ME01,Mega Evolution,Enhanced Booster Box,419.5,420.61,375.0,499.88,40
2026-04-07,ME01,Mega Evolution,ETB,167.5,195.1,90.0,360.0,28
2026-04-07,ME01,Mega Evolution,PC ETB,164.99,163.04,139.99,185.0,21
2026-04-07,ME01,Mega Evolution,Booster Bundle,84.99,81.99,55.0,100.0,25
2026-04-07,ME02,Phantasmal Flames,Booster Box,470.0,471.2,363.0,600.0,135
2026-04-07,ME02,Phantasmal Flames,ETB,159.0,160.93,125.0,215.0,138
2026-04-07,ME02,Phantasmal Flames,PC ETB,160.0,162.85,130.0,225.0,63
2026-04-07,ME02,Phantasmal Flames,Booster Bundle,85.0,86.01,70.0,109.99,55
2026-04-07,ME2.5,Ascended Heroes,ETB,185.0,187.26,157.5,230.0,102
2026-04-07,ME2.5,Ascended Heroes,PC ETB,189.0,191.52,159.99,239.99,32
2026-04-07,ME2.5,Ascended Heroes,Booster Bundle,100.0,106.89,79.0,150.0,27
2026-04-07,ME03,Perfect Order,Booster Box,319.99,318.84,275.0,375.95,26
2026-04-07,ME03,Perfect Order,ETB,120.99,122.44,100.0,145.0,33
2026-04-07,ME03,Perfect Order,PC ETB,125.0,124.36,103.0,139.99,14
2026-04-07,ME03,Perfect Order,Booster Bundle,65.0,70.08,51.99,93.5,13
2026-04-07,SV01,Scarlet & Violet,Booster Box,435.0,434.95,410.0,479.88,13
2026-04-07,SV01,Scarlet & Violet,ETB,300.0,280.67,160.0,450.0,17
2026-04-07,SV02,Paldea Evolved,Booster Box,649.0,639.81,550.0,718.88,47
2026-04-07,SV02,Paldea Evolved,ETB,289.99,285.4,199.0,350.0,23
2026-04-07,SV03,Obsidian Flames,Booster Box,547.0,528.41,440.0,599.0,26
2026-04-07,SV03,Obsidian Flames,ETB,374.88,371.74,275.0,450.0,28
2026-04-07,SV04,Paradox Rift,Booster Box,419.0,420.26,390.0,480.0,35
2026-04-07,SV04,Paradox Rift,ETB,188.8,189.04,145.0,215.5,11
2026-04-07,SV05,Temporal Forces,Booster Box,429.0,428.3,359.0,500.0,24
2026-04-07,SV05,Temporal Forces,ETB,200.0,200.78,165.0,238.88,19
2026-04-07,SV06,Twilight Masquerade,Booster Box,520.0,525.22,450.0,599.0,29
2026-04-07,SV06,Twilight Masquerade,ETB,167.0,165.74,130.5,200.0,32
2026-04-07,SV07,Stellar Crown,Booster Box,449.5,435.28,375.0,479.88,13
2026-04-07,SV07,Stellar Crown,ETB,188.0,196.75,150.0,279.99,19
2026-04-07,SV08,Surging Sparks,Booster Box,475.0,468.5,395.0,588.88,41
2026-04-07,SV08,Surging Sparks,ETB,150.0,155.84,110.5,206.0,65
2026-04-07,SV09,Journey Together,Booster Box,422.5,423.12,395.0,450.0,8
2026-04-07,SV09,Journey Together,ETB,198.97,195.77,123.45,269.95,32
2026-04-07,SV10,Destined Rivals,Booster Box,898.0,833.51,649.0,1000.0,41
2026-04-07,SV10,Destined Rivals,ETB,320.0,308.07,210.0,400.0,49
2026-04-07,SV11,Black Bolt & White Flare,Booster Box,190.0,174.67,139.0,195.0,3
2026-04-07,SV11,Black Bolt & White Flare,ETB,317.25,283.55,139.0,439.0,44
2026-04-07,SV3.5,Pokemon 151,ETB,685.0,719.55,499.0,1200.0,89
2026-04-07,SV3.5,Pokemon 151,Booster Bundle,212.5,223.54,162.5,340.0,86
2026-04-07,SV4.5,Paldean Fates,ETB,420.0,425.63,358.73,500.0,56
2026-04-07,SV4.5,Paldean Fates,Booster Bundle,189.0,194.5,150.0,288.0,40
2026-04-07,PROMO,Promos,EB Games Gengar 050/088,130.0,129.2,80.0,200.0,134
2026-04-07,PROMO,Promos,Eevee SVP 173 Black Star Promo,25.46,27.07,20.73,49.99,101
2026-04-07,PROMO,Promos,Lucario VSTAR SWSH291 Black Star Promo,24.99,25.58,20.19,40.0,59
2026-04-07,PROMO,Promos,Mega Lucario ex MEP 033 Black Star Promo,40.0,40.35,29.09,50.0,56
2026-04-07,PROMO,Promos,Riolu 010 Mega Evolution ETB Promo,24.25,24.66,21.0,29.99,36
2026-04-07,PROMO,Promos,Snorlax SVP 051 Pokemon 151 ETB Promo,39.99,40.5,24.0,65.0,50
2026-04-07,PROMO,Promos,Venusaur 13 Black Star Promo,230.0,236.9,144.95,355.0,9
2026-04-07,SV03,Obsidian Flames,Cleffa IR 202/197,40.0,42.66,27.27,65.0,51
2026-04-07,SV06,Twilight Masquerade,Chansey IR 187/167,58.0,59.48,37.0,99.95,55
2026-04-07,SV08,Surging Sparks,Ceruledge IR 197/191,29.95,28.67,21.0,40.0,43
2026-04-07,PROMO,Promos,Detective Pikachu 098/SV-P Japanese Promo,467.5,493.83,464.0,550.0,3
2026-04-07,JT,Journey Together,Lillie's Clefairy ex 184/159 SIR PSA 10,799.5,799.5,799.5,799.5,1
2026-04-07,JT,Journey Together,Lillie's Clefairy ex 184/159 SIR Raw,258.99,257.72,194.5,350.0,45
2026-04-07,SV10,Destined Rivals,Team Rocket's Mewtwo ex 231/182 SIR PSA 10,1952.0,2010.86,1775.0,2275.0,7
2026-04-07,SV10,Destined Rivals,Team Rocket's Mewtwo ex 231/182 SIR PSA 9,969.99,919.66,799.0,990.0,3
2026-04-07,SV10,Destined Rivals,Team Rocket's Mewtwo ex 231/182 SIR Raw,799.99,781.06,599.0,1000.0,47
2026-04-08,ME01,Mega Evolution,Booster Box,400.0,400.0,400.0,400.0,1
2026-04-08,ME01,Mega Evolution,Enhanced Booster Box,425.0,425.22,375.0,499.88,38
2026-04-08,ME01,Mega Evolution,ETB,170.0,169.51,139.0,250.0,23
2026-04-08,ME01,Mega Evolution,PC ETB,175.0,198.31,139.0,359.0,25
2026-04-08,ME01,Mega Evolution,Booster Bundle,85.0,82.96,70.0,100.0,26
2026-04-08,ME02,Phantasmal Flames,Booster Box,500.0,500.5,385.0,649.95,94
2026-04-08,ME02,Phantasmal Flames,ETB,160.0,163.32,125.0,230.0,141
2026-04-08,ME02,Phantasmal Flames,PC ETB,165.0,165.42,130.0,225.0,52
2026-04-08,ME02,Phantasmal Flames,Booster Bundle,85.0,85.83,70.0,109.99,55
2026-04-08,ME2.5,Ascended Heroes,ETB,185.0,187.84,157.5,230.0,99
2026-04-08,ME2.5,Ascended Heroes,PC ETB,180.0,188.87,165.0,249.99,36
2026-04-08,ME2.5,Ascended Heroes,Booster Bundle,100.0,99.8,43.99,150.0,25
2026-04-08,ME03,Perfect Order,Booster Box,310.0,315.7,275.0,360.0,27
2026-04-08,ME03,Perfect Order,ETB,122.4,123.22,103.0,145.0,33
2026-04-08,ME03,Perfect Order,PC ETB,125.0,124.79,107.0,139.99,13
2026-04-08,ME03,Perfect Order,Booster Bundle,65.0,70.08,51.99,93.5,13
2026-04-08,SV01,Scarlet & Violet,Booster Box,439.5,434.86,390.0,479.88,12
2026-04-08,SV01,Scarlet & Violet,ETB,277.5,279.97,160.0,450.0,14
2026-04-08,SV02,Paldea Evolved,Booster Box,649.0,639.38,550.0,718.88,47
2026-04-08,SV02,Paldea Evolved,ETB,299.88,287.86,199.0,350.0,19
2026-04-08,SV03,Obsidian Flames,Booster Box,547.0,528.41,440.0,599.0,26
2026-04-08,SV03,Obsidian Flames,ETB,379.0,373.3,275.0,450.0,27
2026-04-08,SV04,Paradox Rift,Booster Box,419.48,421.69,390.0,480.0,32
2026-04-08,SV04,Paradox Rift,ETB,188.8,189.04,145.0,215.5,11
2026-04-08,SV05,Temporal Forces,Booster Box,429.0,428.3,359.0,500.0,24
2026-04-08,SV05,Temporal Forces,ETB,200.0,200.4,165.0,238.88,17
2026-04-08,SV06,Twilight Masquerade,Booster Box,520.0,525.22,450.0,599.0,29
2026-04-08,SV06,Twilight Masquerade,ETB,167.0,165.74,130.5,200.0,32
2026-04-08,SV07,Stellar Crown,Booster Box,449.75,443.47,375.0,529.88,14
2026-04-08,SV07,Stellar Crown,ETB,191.5,199.35,160.0,279.99,18
2026-04-08,SV08,Surging Sparks,Booster Box,475.0,469.5,395.0,588.88,43
2026-04-08,SV08,Surging Sparks,ETB,154.99,157.57,110.5,206.0,65
2026-04-08,SV09,Journey Together,Booster Box,420.0,422.86,395.0,450.0,7
2026-04-08,SV10,Destined Rivals,Booster Box,899.95,841.3,640.0,1050.0,35
2026-04-08,SV10,Destined Rivals,ETB,324.5,314.11,160.0,449.88,48
2026-04-08,SV11,Black Bolt & White Flare,Booster Box,190.0,174.67,139.0,195.0,3
2026-04-08,SV11,Black Bolt & White Flare,ETB,300.0,273.4,150.0,450.0,45
2026-04-08,SV3.5,Pokemon 151,ETB,816.5,812.63,650.0,1020.0,44
2026-04-08,SV3.5,Pokemon 151,Booster Bundle,215.0,224.04,162.5,340.0,87
2026-04-08,SV4.5,Paldean Fates,ETB,420.0,425.63,358.73,500.0,56
2026-04-08,SV4.5,Paldean Fates,Booster Bundle,189.5,199.42,150.0,289.99,39
2026-04-08,PROMO,Promos,EB Games Gengar 050/088,130.0,129.69,80.0,200.0,140
2026-04-08,PROMO,Promos,Eevee SVP 173 Black Star Promo,29.99,30.88,24.0,55.0,42
2026-04-08,PROMO,Promos,Lucario VSTAR SWSH291 Black Star Promo,24.99,25.4,20.19,35.0,59
2026-04-08,PROMO,Promos,Mega Lucario ex MEP 033 Black Star Promo,40.0,40.67,32.0,50.0,56
2026-04-08,PROMO,Promos,Riolu 010 Mega Evolution ETB Promo,24.95,24.86,21.0,29.99,37
2026-04-08,PROMO,Promos,Snorlax SVP 051 Pokemon 151 ETB Promo,40.0,41.13,24.0,65.0,52
2026-04-08,PROMO,Promos,Venusaur 13 Black Star Promo,245.0,248.4,149.99,355.0,8
2026-04-08,SV03,Obsidian Flames,Cleffa IR 202/197,40.0,43.04,27.27,65.0,49
2026-04-08,SV06,Twilight Masquerade,Chansey IR 187/167,58.0,58.93,37.0,84.95,55
2026-04-08,SV08,Surging Sparks,Ceruledge IR 197/191,29.81,28.55,21.0,40.0,52
2026-04-08,PROMO,Promos,Detective Pikachu 098/SV-P Japanese Promo,467.5,422.5,250.0,550.0,3
2026-04-08,JT,Journey Together,Lillie's Clefairy ex 184/159 SIR PSA 10,799.5,799.5,799.5,799.5,1
2026-04-08,JT,Journey Together,Lillie's Clefairy ex 184/159 SIR Raw,258.99,256.47,194.5,350.0,43
2026-04-08,SV10,Destined Rivals,Team Rocket's Mewtwo ex 231/182 SIR PSA 10,2100.0,2085.2,1899.0,2275.0,5
2026-04-08,SV10,Destined Rivals,Team Rocket's Mewtwo ex 231/182 SIR PSA 9,969.99,919.66,799.0,990.0,3
2026-04-08,SV10,Destined Rivals,Team Rocket's Mewtwo ex 231/182 SIR Raw,799.99,785.38,600.0,1000.0,41
2026-04-09,ME01,Mega Evolution,Booster Box,412.5,412.5,400.0,424.99,2
2026-04-09,ME01,Mega Evolution,Enhanced Booster Box,422.5,424.75,375.0,499.88,38
2026-04-09,ME01,Mega Evolution,ETB,165.0,168.28,139.0,250.0,21
2026-04-09,ME01,Mega Evolution,PC ETB,175.0,199.03,139.0,359.0,23
2026-04-09,ME01,Mega Evolution,Booster Bundle,84.97,82.58,70.0,100.0,26
2026-04-09,ME02,Phantasmal Flames,Booster Box,480.0,480.5,363.0,649.95,137
2026-04-09,ME02,Phantasmal Flames,ETB,160.0,164.59,125.0,225.0,139
2026-04-09,ME02,Phantasmal Flames,PC ETB,169.14,166.12,130.0,220.0,52
2026-04-09,ME02,Phantasmal Flames,Booster Bundle,85.0,85.94,70.0,109.99,54
2026-04-09,ME2.5,Ascended Heroes,ETB,189.0,194.1,157.5,250.0,100
2026-04-09,ME2.5,Ascended Heroes,PC ETB,187.0,201.2,168.88,300.0,28
2026-04-09,ME2.5,Ascended Heroes,Booster Bundle,100.0,106.21,79.0,150.0,28
2026-04-09,ME03,Perfect Order,Booster Box,315.0,314.99,275.0,360.0,29
2026-04-09,ME03,Perfect Order,ETB,123.19,123.12,103.0,139.99,28
2026-04-09,ME03,Perfect Order,PC ETB,127.0,127.06,107.0,139.99,14
2026-04-09,ME03,Perfect Order,Booster Bundle,65.0,70.08,51.99,93.5,13
2026-04-09,SV01,Scarlet & Violet,Booster Box,440.0,437.71,410.0,479.88,9
2026-04-09,SV01,Scarlet & Violet,ETB,295.0,273.29,160.0,450.0,13
2026-04-09,SV02,Paldea Evolved,Booster Box,649.48,640.45,550.0,718.88,46
2026-04-09,SV02,Paldea Evolved,ETB,299.94,292.22,199.0,375.0,20
2026-04-09,SV03,Obsidian Flames,Booster Box,545.0,526.34,440.0,599.0,25
2026-04-09,SV03,Obsidian Flames,ETB,376.94,371.4,275.0,450.0,28
2026-04-09,SV04,Paradox Rift,Booster Box,419.48,421.69,390.0,480.0,32
2026-04-09,SV04,Paradox Rift,ETB,194.99,193.5,145.0,225.0,12
2026-04-09,SV05,Temporal Forces,Booster Box,429.0,428.3,359.0,500.0,24
2026-04-09,SV05,Temporal Forces,ETB,199.95,202.16,149.99,280.0,17
2026-04-09,SV06,Twilight Masquerade,Booster Box,520.0,525.22,450.0,599.0,29
2026-04-09,SV06,Twilight Masquerade,ETB,165.0,164.67,130.5,200.0,33
2026-04-09,SV07,Stellar Crown,Booster Box,449.75,443.47,375.0,529.88,14
2026-04-09,SV07,Stellar Crown,ETB,188.0,196.75,150.0,279.99,19
2026-04-09,SV08,Surging Sparks,Booster Box,477.0,470.68,395.0,588.88,42
2026-04-09,SV08,Surging Sparks,ETB,155.5,158.26,110.5,206.0,65
2026-04-09,SV09,Journey Together,Booster Box,440.0,431.25,395.0,450.0,4
2026-04-09,SV09,Journey Together,ETB,199.97,199.23,138.99,269.99,32
2026-04-09,SV10,Destined Rivals,Booster Box,844.0,818.97,640.0,1000.0,34
2026-04-09,SV10,Destined Rivals,ETB,320.0,310.13,160.0,415.0,51
2026-04-09,SV11,Black Bolt & White Flare,Booster Box,190.0,174.67,139.0,195.0,3
2026-04-09,SV11,Black Bolt & White Flare,ETB,210.0,262.12,150.0,439.0,40
2026-04-09,SV3.5,Pokemon 151,ETB,685.0,717.44,499.0,1020.0,86
2026-04-09,SV3.5,Pokemon 151,Booster Bundle,215.08,224.65,162.5,340.0,89
2026-04-09,SV4.5,Paldean Fates,ETB,420.0,424.92,358.73,500.0,54
2026-04-09,SV4.5,Paldean Fates,Booster Bundle,189.0,197.22,150.0,289.99,40
2026-04-09,PROMO,Promos,EB Games Gengar 050/088,130.0,129.91,80.0,200.0,143
2026-04-09,PROMO,Promos,Eevee SVP 173 Black Star Promo,25.46,27.38,20.73,49.99,99
2026-04-09,PROMO,Promos,Lucario VSTAR SWSH291 Black Star Promo,24.99,25.65,20.19,40.0,60
2026-04-09,PROMO,Promos,Mega Lucario ex MEP 033 Black Star Promo,40.0,40.21,29.09,49.95,57
2026-04-09,PROMO,Promos,Riolu 010 Mega Evolution ETB Promo,24.95,24.92,21.0,29.99,35
2026-04-09,PROMO,Promos,Snorlax SVP 051 Pokemon 151 ETB Promo,40.0,41.11,24.0,65.0,51
2026-04-09,PROMO,Promos,Venusaur 13 Black Star Promo,230.0,236.9,144.95,355.0,9
2026-04-09,SV03,Obsidian Flames,Cleffa IR 202/197,40.0,42.95,27.27,65.0,47
2026-04-09,SV06,Twilight Masquerade,Chansey IR 187/167,59.0,59.16,37.0,84.95,57
2026-04-09,SV08,Surging Sparks,Ceruledge IR 197/191,29.95,28.65,21.0,40.0,44
2026-04-09,PROMO,Promos,Detective Pikachu 098/SV-P Japanese Promo,467.5,422.5,250.0,550.0,3
2026-04-09,JT,Journey Together,Lillie's Clefairy ex 184/159 SIR PSA 10,799.5,799.5,799.5,799.5,1
2026-04-09,JT,Journey Together,Lillie's Clefairy ex 184/159 SIR Raw,259.95,256.43,194.5,325.0,43
2026-04-09,SV10,Destined Rivals,Team Rocket's Mewtwo ex 231/182 SIR PSA 10,2026.0,2033.5,1775.0,2275.0,6
2026-04-09,SV10,Destined Rivals,Team Rocket's Mewtwo ex 231/182 SIR PSA 9,969.99,919.66,799.0,990.0,3
2026-04-09,SV10,Destined Rivals,Team Rocket's Mewtwo ex 231/182 SIR Raw,800.0,785.42,599.0,1000.0,45
2026-04-10,ME01,Mega Evolution,Booster Box,412.5,412.5,400.0,424.99,2
2026-04-10,ME01,Mega Evolution,Enhanced Booster Box,429.99,429.28,375.0,499.88,41
2026-04-10,ME01,Mega Evolution,ETB,167.0,164.89,139.0,199.88,20
2026-04-10,ME01,Mega Evolution,PC ETB,165.0,169.22,139.0,250.0,22
2026-04-10,ME01,Mega Evolution,Booster Bundle,85.0,83.31,70.0,100.0,26
2026-04-10,ME02,Phantasmal Flames,Booster Box,482.5,484.17,370.0,649.95,138
2026-04-10,ME02,Phantasmal Flames,ETB,164.95,164.98,125.0,225.0,141
2026-04-10,ME02,Phantasmal Flames,PC ETB,167.0,167.55,130.0,225.0,56
2026-04-10,ME02,Phantasmal Flames,Booster Bundle,85.0,86.01,70.0,109.99,55
2026-04-10,ME2.5,Ascended Heroes,ETB,190.0,198.41,157.5,280.0,100
2026-04-10,ME2.5,Ascended Heroes,PC ETB,192.5,203.29,165.0,270.0,36
2026-04-10,ME2.5,Ascended Heroes,Booster Bundle,102.5,106.3,79.0,150.0,26
2026-04-10,ME03,Perfect Order,Booster Box,312.5,314.82,275.0,360.0,30
2026-04-10,ME03,Perfect Order,ETB,120.99,120.02,88.58,139.99,37
2026-04-10,ME03,Perfect Order,PC ETB,125.0,121.78,95.0,139.99,18
2026-04-10,ME03,Perfect Order,Booster Bundle,65.0,70.08,51.99,93.5,13
2026-04-10,SV01,Scarlet & Violet,ETB,302.5,310.79,295.0,348.88,10
2026-04-10,SV02,Paldea Evolved,Booster Box,649.95,646.42,550.0,750.0,50
2026-04-10,SV02,Paldea Evolved,ETB,299.99,291.81,199.0,375.0,19
2026-04-10,SV03,Obsidian Flames,Booster Box,545.0,526.34,440.0,599.0,25
2026-04-10,SV03,Obsidian Flames,ETB,380.0,384.31,259.99,510.0,30
2026-04-10,SV04,Paradox Rift,Booster Box,419.48,421.69,390.0,480.0,32
2026-04-10,SV04,Paradox Rift,ETB,198.19,199.33,145.0,229.99,12
2026-04-10,SV05,Temporal Forces,Booster Box,429.0,429.75,359.0,500.0,23
2026-04-10,SV05,Temporal Forces,ETB,199.95,202.16,149.99,280.0,17
2026-04-10,SV06,Twilight Masquerade,Booster Box,520.0,525.98,450.0,599.0,27
2026-04-10,SV06,Twilight Masquerade,ETB,165.0,165.18,130.5,200.0,30
2026-04-10,SV07,Stellar Crown,Booster Box,449.75,443.47,375.0,529.88,14
2026-04-10,SV07,Stellar Crown,ETB,188.0,196.75,150.0,279.99,19
2026-04-10,SV08,Surging Sparks,Booster Box,479.0,473.17,395.0,588.88,45
2026-04-10,SV08,Surging Sparks,ETB,157.25,158.51,110.5,206.0,66
2026-04-10,SV09,Journey Together,Booster Box,430.5,428.0,395.0,450.0,5
2026-04-10,SV09,Journey Together,ETB,199.99,199.85,138.99,269.99,31
2026-04-10,SV10,Destined Rivals,Booster Box,898.5,819.37,399.99,1000.0,36
2026-04-10,SV10,Destined Rivals,ETB,324.5,316.08,210.0,415.0,46
2026-04-10,SV11,Black Bolt & White Flare,Booster Box,190.0,174.67,139.0,195.0,3
2026-04-10,SV11,Black Bolt & White Flare,ETB,300.0,269.77,150.0,439.0,45
2026-04-10,SV3.5,Pokemon 151,ETB,693.5,729.22,499.0,1250.0,90
2026-04-10,SV3.5,Pokemon 151,Booster Bundle,215.25,224.66,162.5,340.0,90
2026-04-10,SV4.5,Paldean Fates,ETB,420.0,424.92,358.73,500.0,54
2026-04-10,SV4.5,Paldean Fates,Booster Bundle,189.0,195.65,150.0,289.99,38
2026-04-10,PROMO,Promos,EB Games Gengar 050/088,130.0,129.98,80.0,200.0,144
2026-04-10,PROMO,Promos,Eevee SVP 173 Black Star Promo,25.77,27.54,20.73,49.99,102
2026-04-10,PROMO,Promos,Lucario VSTAR SWSH291 Black Star Promo,24.99,25.5,20.19,35.0,58
2026-04-10,PROMO,Promos,Mega Lucario ex MEP 033 Black Star Promo,40.0,40.33,32.0,48.0,54
2026-04-10,PROMO,Promos,Riolu 010 Mega Evolution ETB Promo,24.73,24.75,21.0,29.99,38
2026-04-10,PROMO,Promos,Snorlax SVP 051 Pokemon 151 ETB Promo,40.0,41.45,24.0,70.0,53
2026-04-10,PROMO,Promos,Venusaur 13 Black Star Promo,232.5,236.71,144.95,355.0,10
2026-04-10,SV03,Obsidian Flames,Cleffa IR 202/197,40.0,42.95,27.27,65.0,47
2026-04-10,SV06,Twilight Masquerade,Chansey IR 187/167,59.0,60.18,37.0,98.99,57
2026-04-10,SV08,Surging Sparks,Ceruledge IR 197/191,29.95,28.65,21.0,40.0,44
2026-04-10,PROMO,Promos,Detective Pikachu 098/SV-P Japanese Promo,467.5,422.5,250.0,550.0,3
2026-04-10,JT,Journey Together,Lillie's Clefairy ex 184/159 SIR PSA 10,799.5,799.5,799.5,799.5,1
2026-04-10,JT,Journey Together,Lillie's Clefairy ex 184/159 SIR Raw,252.5,252.35,194.5,325.0,38
2026-04-10,SV10,Destined Rivals,Team Rocket's Mewtwo ex 231/182 SIR PSA 10,2026.0,2050.17,1875.0,2275.0,6
2026-04-10,SV10,Destined Rivals,Team Rocket's Mewtwo ex 231/182 SIR PSA 9,969.99,919.66,799.0,990.0,3
2026-04-10,SV10,Destined Rivals,Team Rocket's Mewtwo ex 231/182 SIR Raw,800.0,785.42,599.0,1000.0,45
2026-04-11,ME01,Mega Evolution,Booster Box,412.5,412.5,400.0,424.99,2
2026-04-11,ME01,Mega Evolution,Enhanced Booster Box,425.0,425.14,375.0,499.88,39
2026-04-11,ME01,Mega Evolution,ETB,167.0,167.4,139.0,250.0,20
2026-04-11,ME01,Mega Evolution,PC ETB,165.0,167.28,139.0,250.0,21
2026-04-11,ME01,Mega Evolution,Booster Bundle,84.95,82.39,70.0,100.0,25
2026-04-11,ME02,Phantasmal Flames,Booster Box,491.22,488.13,385.0,649.95,139
2026-04-11,ME02,Phantasmal Flames,ETB,164.97,165.23,125.0,225.0,140
2026-04-11,ME02,Phantasmal Flames,PC ETB,169.99,169.96,130.0,225.0,57
2026-04-11,ME02,Phantasmal Flames,Booster Bundle,85.0,86.23,70.0,109.99,56
2026-04-11,ME2.5,Ascended Heroes,ETB,190.7,206.13,162.5,300.0,102
2026-04-11,ME2.5,Ascended Heroes,PC ETB,200.0,210.91,169.99,284.0,30
2026-04-11,ME2.5,Ascended Heroes,Booster Bundle,102.5,106.29,79.0,150.0,26
2026-04-11,ME03,Perfect Order,Booster Box,310.0,314.67,275.0,360.0,31
2026-04-11,ME03,Perfect Order,ETB,120.99,119.96,88.58,150.0,35
2026-04-11,ME03,Perfect Order,PC ETB,123.99,118.96,95.0,139.99,17
2026-04-11,ME03,Perfect Order,Booster Bundle,64.9,69.06,51.99,93.5,15
2026-04-11,SV01,Scarlet & Violet,Booster Box,439.0,434.41,379.0,500.0,13
2026-04-11,SV01,Scarlet & Violet,ETB,309.0,313.54,295.0,348.88,9
2026-04-11,SV02,Paldea Evolved,Booster Box,649.95,646.42,550.0,750.0,50
2026-04-11,SV02,Paldea Evolved,ETB,300.0,295.25,199.0,375.0,18
2026-04-11,SV03,Obsidian Flames,Booster Box,545.0,526.34,440.0,599.0,25
2026-04-11,SV03,Obsidian Flames,ETB,380.0,379.68,259.99,510.0,30
2026-04-11,SV04,Paradox Rift,Booster Box,419.48,421.69,390.0,480.0,32
2026-04-11,SV04,Paradox Rift,ETB,198.88,200.54,145.0,229.99,13
2026-04-11,SV05,Temporal Forces,Booster Box,429.5,429.97,359.0,500.0,24
2026-04-11,SV05,Temporal Forces,ETB,197.47,200.07,149.99,280.0,18
2026-04-11,SV06,Twilight Masquerade,Booster Box,520.0,518.09,415.0,599.0,28
2026-04-11,SV06,Twilight Masquerade,ETB,165.0,164.98,130.5,200.0,31
2026-04-11,SV07,Stellar Crown,Booster Box,449.75,443.47,375.0,529.88,14
2026-04-11,SV07,Stellar Crown,ETB,194.99,200.17,160.0,279.99,19
2026-04-11,SV08,Surging Sparks,Booster Box,479.0,473.17,395.0,588.88,45
2026-04-11,SV08,Surging Sparks,ETB,159.0,159.06,110.5,206.0,67
2026-04-11,SV09,Journey Together,Booster Box,425.25,426.67,395.0,450.0,6
2026-04-11,SV09,Journey Together,ETB,199.99,199.85,138.99,269.99,31
2026-04-11,SV10,Destined Rivals,Booster Box,899.48,834.59,649.0,1050.0,32
2026-04-11,SV10,Destined Rivals,ETB,334.0,324.62,210.0,415.0,48
2026-04-11,SV11,Black Bolt & White Flare,Booster Box,190.0,174.67,139.0,195.0,3
2026-04-11,SV11,Black Bolt & White Flare,ETB,209.44,265.85,150.0,449.99,44
2026-04-11,SV3.5,Pokemon 151,ETB,693.5,730.44,499.0,1250.0,90
2026-04-11,SV3.5,Pokemon 151,Booster Bundle,217.25,225.69,162.5,340.0,88
2026-04-11,SV4.5,Paldean Fates,ETB,420.0,425.45,358.73,500.0,57
2026-04-11,SV4.5,Paldean Fates,Booster Bundle,189.5,196.48,157.5,279.95,37
2026-04-11,PROMO,Promos,EB Games Gengar 050/088,130.0,130.07,80.0,200.0,147
2026-04-11,PROMO,Promos,Eevee SVP 173 Black Star Promo,25.9,27.67,20.73,49.99,104
2026-04-11,PROMO,Promos,Lucario VSTAR SWSH291 Black Star Promo,24.99,25.46,20.19,35.0,57
2026-04-11,PROMO,Promos,Mega Lucario ex MEP 033 Black Star Promo,40.0,39.95,34.99,45.0,50
2026-04-11,PROMO,Promos,Riolu 010 Mega Evolution ETB Promo,24.95,24.86,21.0,29.99,38
2026-04-11,PROMO,Promos,Snorlax SVP 051 Pokemon 151 ETB Promo,40.0,41.11,24.0,65.0,51
2026-04-11,PROMO,Promos,Venusaur 13 Black Star Promo,232.5,236.71,144.95,355.0,10
2026-04-11,SV03,Obsidian Flames,Cleffa IR 202/197,40.0,42.95,27.27,65.0,47
2026-04-11,SV06,Twilight Masquerade,Chansey IR 187/167,59.5,60.43,37.0,98.99,56
2026-04-11,SV08,Surging Sparks,Ceruledge IR 197/191,29.85,28.46,21.0,40.0,46
2026-04-11,PROMO,Promos,Detective Pikachu 098/SV-P Japanese Promo,467.5,422.5,250.0,550.0,3
2026-04-11,JT,Journey Together,Lillie's Clefairy ex 184/159 SIR PSA 10,799.5,799.5,799.5,799.5,1
2026-04-11,JT,Journey Together,Lillie's Clefairy ex 184/159 SIR Raw,249.5,251.11,194.5,325.0,32
2026-04-11,SV10,Destined Rivals,Team Rocket's Mewtwo ex 231/182 SIR PSA 10,2026.0,2033.5,1775.0,2275.0,6
2026-04-11,SV10,Destined Rivals,Team Rocket's Mewtwo ex 231/182 SIR PSA 9,969.99,919.66,799.0,990.0,3
2026-04-11,SV10,Destined Rivals,Team Rocket's Mewtwo ex 231/182 SIR Raw,800.0,790.73,600.0,1000.0,41
2026-04-12,ME01,Mega Evolution,Enhanced Booster Box,425.0,424.06,375.0,499.88,42
2026-04-12,ME01,Mega Evolution,ETB,169.5,165.15,139.0,195.0,20
2026-04-12,ME01,Mega Evolution,PC ETB,170.0,170.86,139.0,250.0,21
2026-04-12,ME01,Mega Evolution,Booster Bundle,84.97,82.53,70.0,100.0,26
2026-04-12,ME02,Phantasmal Flames,ETB,182.0,184.12,145.0,230.0,53
2026-04-12,ME02,Phantasmal Flames,PC ETB,169.99,170.8,130.0,248.88,57
2026-04-12,ME02,Phantasmal Flames,Booster Bundle,86.94,89.58,70.0,129.95,60
2026-04-12,ME2.5,Ascended Heroes,ETB,195.0,208.25,162.5,300.0,103
2026-04-12,ME2.5,Ascended Heroes,PC ETB,215.0,218.14,169.99,284.0,31
2026-04-12,ME2.5,Ascended Heroes,Booster Bundle,102.5,104.31,45.0,150.0,24
2026-04-12,ME03,Perfect Order,Booster Box,312.5,313.99,275.0,360.0,34
2026-04-12,ME03,Perfect Order,ETB,120.5,119.65,88.58,139.99,36
2026-04-12,ME03,Perfect Order,PC ETB,124.49,119.57,95.0,139.99,18
2026-04-12,ME03,Perfect Order,Booster Bundle,64.9,69.06,51.99,93.5,15
2026-04-12,SV01,Scarlet & Violet,Booster Box,439.5,433.95,379.0,479.88,12
2026-04-12,SV01,Scarlet & Violet,ETB,305.0,288.59,160.0,450.0,13
2026-04-12,SV02,Paldea Evolved,Booster Box,649.95,647.29,550.0,750.0,51
2026-04-12,SV02,Paldea Evolved,ETB,300.0,301.75,199.0,418.88,19
2026-04-12,SV03,Obsidian Flames,Booster Box,545.0,526.34,440.0,599.0,25
2026-04-12,SV03,Obsidian Flames,ETB,380.0,379.68,259.99,510.0,30
2026-04-12,SV04,Paradox Rift,Booster Box,419.48,421.69,390.0,480.0,32
2026-04-12,SV05,Temporal Forces,Booster Box,429.5,429.97,359.0,500.0,24
2026-04-12,SV05,Temporal Forces,ETB,199.95,200.07,149.99,280.0,19
2026-04-12,SV06,Twilight Masquerade,Booster Box,520.0,525.98,450.0,599.0,27
2026-04-12,SV06,Twilight Masquerade,ETB,162.5,164.48,130.5,200.0,30
2026-04-12,SV07,Stellar Crown,Booster Box,449.99,443.9,375.0,529.88,15
2026-04-12,SV08,Surging Sparks,Booster Box,479.98,474.75,395.0,588.88,46
2026-04-12,SV08,Surging Sparks,ETB,159.95,160.04,110.5,215.95,67
2026-04-12,SV09,Journey Together,Booster Box,420.0,422.0,395.0,449.5,5
2026-04-12,SV09,Journey Together,ETB,199.99,199.85,138.99,269.99,31
2026-04-12,SV10,Destined Rivals,Booster Box,899.98,845.71,660.0,1050.0,32
2026-04-12,SV10,Destined Rivals,ETB,334.0,325.78,210.0,415.0,48
2026-04-12,SV11,Black Bolt & White Flare,Booster Box,190.0,174.67,139.0,195.0,3
2026-04-12,SV11,Black Bolt & White Flare,ETB,210.0,263.41,150.0,449.99,45
2026-04-12,SV3.5,Pokemon 151,Booster Bundle,219.0,226.0,162.5,340.0,89
2026-04-12,SV4.5,Paldean Fates,ETB,420.0,425.45,358.73,500.0,57
2026-04-12,PROMO,Promos,EB Games Gengar 050/088,131.0,130.9,80.0,200.0,148
2026-04-12,PROMO,Promos,Eevee SVP 173 Black Star Promo,26.0,27.81,20.73,49.99,104
2026-04-12,PROMO,Promos,Lucario VSTAR SWSH291 Black Star Promo,24.99,25.46,20.19,35.0,57
2026-04-12,PROMO,Promos,Mega Lucario ex MEP 033 Black Star Promo,39.99,39.63,36.0,40.99,33
2026-04-12,PROMO,Promos,Riolu 010 Mega Evolution ETB Promo,24.5,24.7,21.0,29.99,37
2026-04-12,PROMO,Promos,Snorlax SVP 051 Pokemon 151 ETB Promo,40.0,41.09,24.0,65.0,52
2026-04-12,PROMO,Promos,Venusaur 13 Black Star Promo,232.5,236.71,144.95,355.0,10
2026-04-12,SV03,Obsidian Flames,Cleffa IR 202/197,40.0,42.48,27.27,60.0,46
2026-04-12,SV06,Twilight Masquerade,Chansey IR 187/167,60.0,60.71,37.0,98.99,58
2026-04-12,PROMO,Promos,Detective Pikachu 098/SV-P Japanese Promo,467.5,422.5,250.0,550.0,3
2026-04-12,SV10,Destined Rivals,Team Rocket's Mewtwo ex 231/182 SIR PSA 10,2100.0,2100.14,1775.0,2500.0,7
2026-04-12,SV10,Destined Rivals,Team Rocket's Mewtwo ex 231/182 SIR PSA 9,969.99,919.66,799.0,990.0,3
2026-04-12,SV10,Destined Rivals,Team Rocket's Mewtwo ex 231/182 SIR Raw,800.0,792.37,600.0,1000.0,40
2026-04-13,ME01,Mega Evolution,Booster Box,400.0,400.0,400.0,400.0,1
2026-04-13,ME01,Mega Evolution,ETB,170.0,172.0,139.99,250.0,20
2026-04-13,ME01,Mega Evolution,PC ETB,169.99,172.56,139.99,250.0,21
2026-04-13,ME01,Mega Evolution,Booster Bundle,85.0,83.41,70.0,100.0,24
2026-04-13,ME02,Phantasmal Flames,Booster Box,500.0,523.3,419.0,689.99,100
2026-04-13,ME02,Phantasmal Flames,ETB,169.95,168.81,125.0,248.88,141
2026-04-13,ME02,Phantasmal Flames,PC ETB,170.0,173.74,130.0,225.0,55
2026-04-13,ME02,Phantasmal Flames,Booster Bundle,88.88,89.65,70.0,129.95,59
2026-04-13,ME2.5,Ascended Heroes,ETB,250.0,257.11,200.0,320.0,35
2026-04-13,ME2.5,Ascended Heroes,PC ETB,205.0,216.3,165.0,299.0,35
2026-04-13,ME2.5,Ascended Heroes,Booster Bundle,105.0,106.2,65.99,150.0,28
2026-04-13,ME03,Perfect Order,Booster Box,310.0,313.02,275.0,360.0,36
2026-04-13,ME03,Perfect Order,ETB,120.99,120.92,95.0,149.99,37
2026-04-13,ME03,Perfect Order,PC ETB,125.0,122.61,95.0,149.99,20
2026-04-13,ME03,Perfect Order,Booster Bundle,64.9,69.06,51.99,93.5,15
2026-04-13,SV01,Scarlet & Violet,Booster Box,432.5,432.34,379.0,479.88,10
2026-04-13,SV01,Scarlet & Violet,ETB,309.0,294.11,160.0,450.0,15
2026-04-13,SV02,Paldea Evolved,Booster Box,649.98,647.92,550.0,750.0,52
2026-04-13,SV02,Paldea Evolved,ETB,300.0,299.42,199.0,418.88,20
2026-04-13,SV03,Obsidian Flames,Booster Box,547.0,527.44,440.0,599.0,24
2026-04-13,SV03,Obsidian Flames,ETB,380.0,383.4,259.99,510.0,31
2026-04-13,SV04,Paradox Rift,Booster Box,419.48,421.69,390.0,480.0,32
2026-04-13,SV04,Paradox Rift,ETB,204.44,202.0,145.0,229.99,12
2026-04-13,SV05,Temporal Forces,Booster Box,429.5,429.97,359.0,500.0,24
2026-04-13,SV05,Temporal Forces,ETB,197.47,200.9,149.99,280.0,18
2026-04-13,SV06,Twilight Masquerade,Booster Box,520.0,517.75,415.0,599.0,28
2026-04-13,SV06,Twilight Masquerade,ETB,160.0,163.8,130.5,200.0,29
2026-04-13,SV07,Stellar Crown,Booster Box,450.0,448.47,375.0,529.88,14
2026-04-13,SV07,Stellar Crown,ETB,194.99,200.17,160.0,279.99,19
2026-04-13,SV08,Surging Sparks,Booster Box,479.98,474.75,395.0,588.88,46
2026-04-13,SV08,Surging Sparks,ETB,159.99,161.72,110.5,215.95,66
2026-04-13,SV09,Journey Together,Booster Box,395.0,342.0,215.0,449.5,5
2026-04-13,SV09,Journey Together,ETB,200.0,202.66,138.99,289.99,32
2026-04-13,SV10,Destined Rivals,Booster Box,900.0,860.58,660.0,1050.0,35
2026-04-13,SV10,Destined Rivals,ETB,335.0,332.72,230.0,435.0,45
2026-04-13,SV11,Black Bolt & White Flare,Booster Box,190.0,174.67,139.0,195.0,3
2026-04-13,SV11,Black Bolt & White Flare,ETB,201.5,250.8,140.0,450.0,42
2026-04-13,SV3.5,Pokemon 151,ETB,699.0,733.46,499.0,1250.0,88
2026-04-13,SV3.5,Pokemon 151,Booster Bundle,219.5,226.49,162.5,340.0,90
2026-04-13,SV4.5,Paldean Fates,ETB,420.0,426.73,358.73,500.0,58
2026-04-13,SV4.5,Paldean Fates,Booster Bundle,189.0,198.91,150.0,280.0,37
2026-04-13,PROMO,Promos,EB Games Gengar 050/088,133.57,132.32,80.0,190.5,145
2026-04-13,PROMO,Promos,Eevee SVP 173 Black Star Promo,26.0,27.85,20.73,49.99,107
2026-04-13,PROMO,Promos,Lucario VSTAR SWSH291 Black Star Promo,24.99,25.61,20.19,35.0,54
2026-04-13,PROMO,Promos,Mega Lucario ex MEP 033 Black Star Promo,40.0,40.01,34.99,45.0,50
2026-04-13,PROMO,Promos,Riolu 010 Mega Evolution ETB Promo,24.0,24.38,21.0,29.99,36
2026-04-13,PROMO,Promos,Snorlax SVP 051 Pokemon 151 ETB Promo,40.0,41.09,24.0,65.0,52
2026-04-13,PROMO,Promos,Venusaur 13 Black Star Promo,232.5,236.71,144.95,355.0,10
2026-04-13,SV03,Obsidian Flames,Cleffa IR 202/197,40.0,42.71,27.27,60.0,45
2026-04-13,SV06,Twilight Masquerade,Chansey IR 187/167,60.0,60.83,37.0,98.99,59
2026-04-13,SV08,Surging Sparks,Ceruledge IR 197/191,29.81,28.32,21.0,35.0,46
2026-04-13,PROMO,Promos,Detective Pikachu 098/SV-P Japanese Promo,467.5,422.5,250.0,550.0,3
2026-04-13,JT,Journey Together,Lillie's Clefairy ex 184/159 SIR PSA 10,799.5,799.5,799.5,799.5,1
2026-04-13,JT,Journey Together,Lillie's Clefairy ex 184/159 SIR Raw,250.0,250.61,185.0,325.0,35
2026-04-13,SV10,Destined Rivals,Team Rocket's Mewtwo ex 231/182 SIR PSA 10,2026.0,2072.0,1775.0,2500.0,8
2026-04-13,SV10,Destined Rivals,Team Rocket's Mewtwo ex 231/182 SIR PSA 9,969.99,919.66,799.0,990.0,3
2026-04-13,SV10,Destined Rivals,Team Rocket's Mewtwo ex 231/182 SIR Raw,800.0,795.66,599.0,1000.0,44
2026-04-14,ME01,Mega Evolution,Enhanced Booster Box,429.97,427.8,375.0,500.0,43
2026-04-14,ME01,Mega Evolution,ETB,170.0,171.09,139.99,210.0,22
2026-04-14,ME01,Mega Evolution,PC ETB,170.0,172.63,139.0,250.0,22
2026-04-14,ME01,Mega Evolution,Booster Bundle,85.0,82.85,70.0,100.0,22
2026-04-14,ME02,Phantasmal Flames,Booster Box,499.0,494.97,305.0,689.99,144
2026-04-14,ME02,Phantasmal Flames,ETB,169.99,169.85,125.0,248.88,141
2026-04-14,ME02,Phantasmal Flames,PC ETB,169.64,172.35,130.0,248.88,54
2026-04-14,ME02,Phantasmal Flames,Booster Bundle,88.88,90.84,70.0,140.0,60
2026-04-14,ME2.5,Ascended Heroes,ETB,199.99,213.46,165.0,320.0,103
2026-04-14,ME2.5,Ascended Heroes,PC ETB,220.0,350.64,169.99,995.0,37
2026-04-14,ME2.5,Ascended Heroes,Booster Bundle,102.5,107.83,65.99,165.0,26
2026-04-14,ME03,Perfect Order,Booster Box,310.0,311.88,275.0,360.0,36
2026-04-14,ME03,Perfect Order,ETB,121.69,120.3,88.58,149.99,38
2026-04-14,ME03,Perfect Order,PC ETB,124.5,121.41,95.0,139.99,22
2026-04-14,ME03,Perfect Order,Booster Bundle,64.95,70.37,51.99,93.5,16
2026-04-14,SV01,Scarlet & Violet,Booster Box,439.5,433.95,379.0,479.88,12
2026-04-14,SV01,Scarlet & Violet,ETB,300.0,298.7,160.0,450.0,18
2026-04-14,SV02,Paldea Evolved,Booster Box,650.0,648.43,550.0,750.0,53
2026-04-14,SV02,Paldea Evolved,ETB,300.0,298.17,199.0,418.88,20
2026-04-14,SV03,Obsidian Flames,Booster Box,547.0,527.25,440.0,599.0,26
2026-04-14,SV03,Obsidian Flames,ETB,380.0,394.01,275.0,510.0,28
2026-04-14,SV04,Paradox Rift,Booster Box,419.48,421.69,390.0,480.0,32
2026-04-14,SV04,Paradox Rift,ETB,210.0,202.61,145.0,229.99,13
2026-04-14,SV05,Temporal Forces,Booster Box,429.5,429.97,359.0,500.0,24
2026-04-14,SV05,Temporal Forces,ETB,199.95,197.33,149.99,238.88,19
2026-04-14,SV06,Twilight Masquerade,Booster Box,520.0,527.21,450.0,599.0,28
2026-04-14,SV06,Twilight Masquerade,ETB,160.0,164.37,130.5,200.0,29
2026-04-14,SV07,Stellar Crown,Booster Box,450.0,448.47,375.0,529.88,14
2026-04-14,SV07,Stellar Crown,ETB,194.99,200.72,150.0,279.99,21
2026-04-14,SV08,Surging Sparks,Booster Box,479.95,473.48,395.0,588.88,47
2026-04-14,SV08,Surging Sparks,ETB,159.99,161.74,110.5,215.95,65
2026-04-14,SV09,Journey Together,Booster Box,440.0,431.25,395.0,450.0,4
2026-04-14,SV09,Journey Together,ETB,200.0,202.66,138.99,289.99,32
2026-04-14,SV10,Destined Rivals,Booster Box,900.0,864.15,660.0,1000.0,36
2026-04-14,SV10,Destined Rivals,ETB,335.0,330.05,210.0,435.0,47
2026-04-14,SV11,Black Bolt & White Flare,Booster Box,190.0,174.67,139.0,195.0,3
2026-04-14,SV11,Black Bolt & White Flare,ETB,210.0,261.02,140.0,439.0,43
2026-04-14,SV3.5,Pokemon 151,ETB,699.0,735.0,499.0,1250.0,87
2026-04-14,SV3.5,Pokemon 151,Booster Bundle,219.99,227.64,162.5,340.0,91
2026-04-14,SV4.5,Paldean Fates,ETB,422.5,433.67,358.73,550.0,60
2026-04-14,SV4.5,Paldean Fates,Booster Bundle,189.5,201.8,150.0,280.0,37
2026-04-14,PROMO,Promos,EB Games Gengar 050/088,135.0,134.12,89.95,190.5,144
2026-04-14,PROMO,Promos,Eevee SVP 173 Black Star Promo,25.98,27.91,20.73,49.99,108
2026-04-14,PROMO,Promos,Lucario VSTAR SWSH291 Black Star Promo,24.99,25.78,20.19,35.0,55
2026-04-14,PROMO,Promos,Mega Lucario ex MEP 033 Black Star Promo,39.99,39.53,36.0,40.99,35
2026-04-14,PROMO,Promos,Riolu 010 Mega Evolution ETB Promo,24.0,24.52,21.0,29.99,37
2026-04-14,PROMO,Promos,Snorlax SVP 051 Pokemon 151 ETB Promo,40.0,41.09,24.0,65.0,52
2026-04-14,PROMO,Promos,Venusaur 13 Black Star Promo,232.5,236.71,144.95,355.0,10
2026-04-14,SV03,Obsidian Flames,Cleffa IR 202/197,40.0,42.71,27.27,60.0,45
2026-04-14,SV06,Twilight Masquerade,Chansey IR 187/167,60.0,60.83,37.0,98.99,59
2026-04-14,SV08,Surging Sparks,Ceruledge IR 197/191,29.95,28.76,21.0,40.0,44
2026-04-14,PROMO,Promos,Detective Pikachu 098/SV-P Japanese Promo,467.5,422.5,250.0,550.0,3
2026-04-14,JT,Journey Together,Lillie's Clefairy ex 184/159 SIR PSA 10,799.5,799.5,799.5,799.5,1
2026-04-14,JT,Journey Together,Lillie's Clefairy ex 184/159 SIR Raw,250.0,248.35,185.0,300.0,40
2026-04-14,SV10,Destined Rivals,Team Rocket's Mewtwo ex 231/182 SIR PSA 10,2026.0,2072.0,1775.0,2500.0,8
2026-04-14,SV10,Destined Rivals,Team Rocket's Mewtwo ex 231/182 SIR PSA 9,969.99,919.66,799.0,990.0,3
2026-04-14,SV10,Destined Rivals,Team Rocket's Mewtwo ex 231/182 SIR Raw,800.0,800.83,600.0,1000.0,42
2026-04-15,ME01,Mega Evolution,Booster Box,400.0,400.0,400.0,400.0,1
2026-04-15,ME01,Mega Evolution,Enhanced Booster Box,420.0,422.41,375.0,500.0,50
2026-04-15,ME01,Mega Evolution,ETB,169.5,166.27,139.0,210.0,22
2026-04-15,ME01,Mega Evolution,PC ETB,169.0,169.66,139.0,250.0,21
2026-04-15,ME01,Mega Evolution,Booster Bundle,85.0,83.11,70.0,100.0,26
2026-04-15,ME02,Phantasmal Flames,Booster Box,499.0,496.7,305.0,689.99,146
2026-04-15,ME02,Phantasmal Flames,ETB,169.99,170.71,125.0,250.0,141
2026-04-15,ME02,Phantasmal Flames,PC ETB,170.0,174.89,130.0,250.0,53
2026-04-15,ME02,Phantasmal Flames,Booster Bundle,88.88,90.84,70.0,140.0,60
2026-04-15,ME2.5,Ascended Heroes,ETB,200.0,216.94,165.0,330.0,105
2026-04-15,ME2.5,Ascended Heroes,PC ETB,219.0,226.44,169.99,330.0,33
2026-04-15,ME2.5,Ascended Heroes,Booster Bundle,102.5,104.17,45.0,150.0,26
2026-04-15,ME03,Perfect Order,Booster Box,310.0,312.16,275.0,360.0,36
2026-04-15,ME03,Perfect Order,ETB,121.69,119.85,88.58,139.99,38
2026-04-15,ME03,Perfect Order,PC ETB,123.99,120.77,95.0,150.0,21
2026-04-15,ME03,Perfect Order,Booster Bundle,64.9,69.7,51.99,93.5,17
2026-04-15,SV01,Scarlet & Violet,Booster Box,439.0,432.49,379.0,479.88,11
2026-04-15,SV01,Scarlet & Violet,ETB,314.0,298.78,160.0,450.0,15
2026-04-15,SV02,Paldea Evolved,Booster Box,650.0,648.97,550.0,750.0,52
2026-04-15,SV02,Paldea Evolved,ETB,300.0,302.06,199.0,418.88,21
2026-04-15,SV03,Obsidian Flames,Booster Box,547.0,527.25,440.0,599.0,26
2026-04-15,SV03,Obsidian Flames,ETB,380.0,385.61,259.99,510.0,30
2026-04-15,SV04,Paradox Rift,Booster Box,419.48,421.69,390.0,480.0,32
2026-04-15,SV04,Paradox Rift,ETB,210.0,202.61,145.0,229.99,13
2026-04-15,SV05,Temporal Forces,Booster Box,429.99,430.71,359.0,500.0,27
2026-04-15,SV05,Temporal Forces,ETB,199.97,197.46,149.99,238.88,20
2026-04-15,SV06,Twilight Masquerade,Booster Box,520.0,527.21,450.0,599.0,28
2026-04-15,SV06,Twilight Masquerade,ETB,160.0,164.88,130.5,200.0,27
2026-04-15,SV07,Stellar Crown,Booster Box,449.99,443.9,375.0,529.88,15
2026-04-15,SV07,Stellar Crown,ETB,197.5,199.26,150.0,279.99,20
2026-04-15,SV08,Surging Sparks,Booster Box,479.95,473.48,395.0,588.88,47
2026-04-15,SV08,Surging Sparks,ETB,159.99,162.06,110.5,215.95,65
2026-04-15,SV09,Journey Together,Booster Box,425.25,423.75,395.0,449.5,4
2026-04-15,SV09,Journey Together,ETB,200.0,204.39,138.99,289.99,31
2026-04-15,SV10,Destined Rivals,Booster Box,900.0,866.74,660.0,1050.0,31
2026-04-15,SV10,Destined Rivals,ETB,335.0,329.22,210.0,435.0,48
2026-04-15,SV11,Black Bolt & White Flare,Booster Box,190.0,174.67,139.0,195.0,3
2026-04-15,SV11,Black Bolt & White Flare,ETB,208.88,248.32,140.0,439.0,43
2026-04-15,SV3.5,Pokemon 151,ETB,699.0,735.0,499.0,1250.0,87
2026-04-15,SV3.5,Pokemon 151,Booster Bundle,270.0,270.29,222.69,310.08,25
2026-04-15,SV4.5,Paldean Fates,ETB,422.5,433.67,358.73,550.0,60
2026-04-15,SV4.5,Paldean Fates,Booster Bundle,190.0,203.69,157.5,280.0,37
2026-04-15,PROMO,Promos,EB Games Gengar 050/088,135.0,134.92,89.95,190.5,144
2026-04-15,PROMO,Promos,Eevee SVP 173 Black Star Promo,25.98,27.91,20.73,49.99,108
2026-04-15,PROMO,Promos,Lucario VSTAR SWSH291 Black Star Promo,24.99,25.8,20.19,35.0,55
2026-04-15,PROMO,Promos,Mega Lucario ex MEP 033 Black Star Promo,40.0,40.95,34.99,49.99,54
2026-04-15,PROMO,Promos,Riolu 010 Mega Evolution ETB Promo,24.25,24.66,21.0,29.99,36
2026-04-15,PROMO,Promos,Snorlax SVP 051 Pokemon 151 ETB Promo,40.0,41.26,24.0,65.0,53
2026-04-15,PROMO,Promos,Venusaur 13 Black Star Promo,235.0,265.65,144.95,555.0,11
2026-04-15,SV03,Obsidian Flames,Cleffa IR 202/197,40.0,43.04,27.27,60.0,44
2026-04-15,SV06,Twilight Masquerade,Chansey IR 187/167,60.0,60.95,37.0,98.99,59
2026-04-15,SV08,Surging Sparks,Ceruledge IR 197/191,29.85,28.69,21.0,40.0,46
2026-04-15,PROMO,Promos,Detective Pikachu 098/SV-P Japanese Promo,467.5,422.5,250.0,550.0,3
2026-04-15,JT,Journey Together,Lillie's Clefairy ex 184/159 SIR PSA 10,791.69,791.69,783.88,799.5,2
2026-04-15,JT,Journey Together,Lillie's Clefairy ex 184/159 SIR Raw,250.0,249.21,185.0,300.0,39
2026-04-15,SV10,Destined Rivals,Team Rocket's Mewtwo ex 231/182 SIR PSA 10,2150.0,2118.88,1775.0,2500.0,8
2026-04-15,SV10,Destined Rivals,Team Rocket's Mewtwo ex 231/182 SIR PSA 9,969.99,919.66,799.0,990.0,3
2026-04-15,SV10,Destined Rivals,Team Rocket's Mewtwo ex 231/182 SIR Raw,800.0,803.42,600.0,1000.0,42
2026-04-16,ME01,Mega Evolution,Booster Box,400.0,400.0,400.0,400.0,1
2026-04-16,ME01,Mega Evolution,Enhanced Booster Box,429.98,429.0,375.0,500.0,40
2026-04-16,ME01,Mega Evolution,ETB,170.0,167.13,139.0,210.0,22
2026-04-16,ME01,Mega Evolution,PC ETB,170.0,171.0,139.0,250.0,22
2026-04-16,ME01,Mega Evolution,Booster Bundle,85.0,83.67,70.0,100.0,25
2026-04-16,ME02,Phantasmal Flames,Booster Box,499.91,501.8,305.0,689.99,144
2026-04-16,ME02,Phantasmal Flames,ETB,169.99,170.75,125.0,250.0,141
2026-04-16,ME02,Phantasmal Flames,PC ETB,174.95,176.74,130.0,270.0,55
2026-04-16,ME02,Phantasmal Flames,Booster Bundle,88.88,91.16,70.0,140.0,61
2026-04-16,ME2.5,Ascended Heroes,ETB,202.5,223.89,165.0,370.0,110
2026-04-16,ME2.5,Ascended Heroes,PC ETB,218.97,229.51,160.0,349.99,36
2026-04-16,ME2.5,Ascended Heroes,Booster Bundle,109.59,110.87,65.99,160.0,27
2026-04-16,ME03,Perfect Order,Booster Box,310.0,312.02,275.0,360.0,37
2026-04-16,ME03,Perfect Order,ETB,120.99,119.43,88.58,139.99,39
2026-04-16,ME03,Perfect Order,PC ETB,123.99,120.77,95.0,150.0,21
2026-04-16,ME03,Perfect Order,Booster Bundle,64.0,68.67,51.99,93.5,19
2026-04-16,SV01,Scarlet & Violet,Booster Box,439.0,432.49,379.0,479.88,11
2026-04-16,SV01,Scarlet & Violet,ETB,314.0,307.98,155.0,450.0,11
2026-04-16,SV02,Paldea Evolved,Booster Box,650.0,648.97,550.0,750.0,52
2026-04-16,SV02,Paldea Evolved,ETB,300.0,307.77,199.0,418.88,21
2026-04-16,SV03,Obsidian Flames,Booster Box,549.0,530.32,440.0,599.0,25
2026-04-16,SV03,Obsidian Flames,ETB,380.0,387.69,259.99,510.0,31
2026-04-16,SV04,Paradox Rift,Booster Box,419.48,421.69,390.0,480.0,32
2026-04-16,SV04,Paradox Rift,ETB,210.0,202.61,145.0,229.99,13
2026-04-16,SV05,Temporal Forces,Booster Box,432.5,430.93,359.0,500.0,26
2026-04-16,SV05,Temporal Forces,ETB,199.97,197.46,149.99,238.88,20
2026-04-16,SV06,Twilight Masquerade,Booster Box,520.0,528.96,450.0,599.0,27
2026-04-16,SV06,Twilight Masquerade,ETB,160.75,164.76,130.5,200.0,28
2026-04-16,SV07,Stellar Crown,Booster Box,449.99,443.9,375.0,529.88,15
2026-04-16,SV07,Stellar Crown,ETB,207.47,203.26,160.0,279.99,20
2026-04-16,SV08,Surging Sparks,Booster Box,479.98,474.75,395.0,588.88,46
2026-04-16,SV08,Surging Sparks,ETB,160.0,162.22,110.5,215.95,66
2026-04-16,SV09,Journey Together,Booster Box,430.5,429.0,395.0,450.0,5
2026-04-16,SV09,Journey Together,ETB,200.0,212.82,138.99,385.0,33
2026-04-16,SV10,Destined Rivals,Booster Box,900.0,872.7,660.0,1050.0,31
2026-04-16,SV10,Destined Rivals,ETB,335.0,332.09,210.0,435.0,49
2026-04-16,SV11,Black Bolt & White Flare,Booster Box,190.0,174.67,139.0,195.0,3
2026-04-16,SV11,Black Bolt & White Flare,ETB,210.0,249.13,140.0,439.0,44
2026-04-16,SV3.5,Pokemon 151,ETB,699.0,736.87,499.0,1250.0,88
2026-04-16,SV3.5,Pokemon 151,Booster Bundle,220.0,230.07,162.5,340.0,88
2026-04-16,SV4.5,Paldean Fates,ETB,425.0,440.18,301.58,600.0,65
2026-04-16,SV4.5,Paldean Fates,Booster Bundle,190.0,204.52,157.5,280.0,34
2026-04-16,PROMO,Promos,EB Games Gengar 050/088,137.75,135.52,89.95,185.0,142
2026-04-16,PROMO,Promos,Eevee SVP 173 Black Star Promo,25.9,27.87,20.73,49.99,108
2026-04-16,PROMO,Promos,Lucario VSTAR SWSH291 Black Star Promo,24.99,25.81,20.19,35.0,57
2026-04-16,PROMO,Promos,Mega Lucario ex MEP 033 Black Star Promo,40.0,40.49,30.0,49.99,56
2026-04-16,PROMO,Promos,Riolu 010 Mega Evolution ETB Promo,24.95,24.86,21.0,30.0,37
2026-04-16,PROMO,Promos,Snorlax SVP 051 Pokemon 151 ETB Promo,40.0,41.26,24.0,65.0,53
2026-04-16,PROMO,Promos,Venusaur 13 Black Star Promo,235.0,265.65,144.95,555.0,11
2026-04-16,SV03,Obsidian Flames,Cleffa IR 202/197,40.0,43.04,27.27,60.0,44
2026-04-16,SV06,Twilight Masquerade,Chansey IR 187/167,60.0,61.21,37.0,98.99,58
2026-04-16,SV08,Surging Sparks,Ceruledge IR 197/191,29.75,28.17,21.0,35.0,47
2026-04-16,PROMO,Promos,Detective Pikachu 098/SV-P Japanese Promo,467.5,422.5,250.0,550.0,3
2026-04-16,JT,Journey Together,Lillie's Clefairy ex 184/159 SIR PSA 10,791.69,791.69,783.88,799.5,2
2026-04-16,JT,Journey Together,Lillie's Clefairy ex 184/159 SIR Raw,254.99,249.71,185.0,300.0,37
2026-04-16,SV10,Destined Rivals,Team Rocket's Mewtwo ex 231/182 SIR PSA 10,2150.0,2118.88,1775.0,2500.0,8
2026-04-16,SV10,Destined Rivals,Team Rocket's Mewtwo ex 231/182 SIR PSA 9,980.0,980.0,969.99,990.0,2
2026-04-16,SV10,Destined Rivals,Team Rocket's Mewtwo ex 231/182 SIR Raw,800.0,804.97,600.0,1000.0,41
2026-04-17,ME01,Mega Evolution,Booster Box,400.0,400.0,400.0,400.0,1
2026-04-17,ME01,Mega Evolution,Enhanced Booster Box,425.0,429.46,375.0,500.0,41
2026-04-17,ME01,Mega Evolution,ETB,170.0,167.94,139.0,210.0,21
2026-04-17,ME01,Mega Evolution,PC ETB,170.0,173.94,139.0,250.0,23
2026-04-17,ME01,Mega Evolution,Booster Bundle,85.0,83.53,75.0,89.99,22
2026-04-17,ME02,Phantasmal Flames,Booster Box,499.97,503.33,305.0,689.99,144
2026-04-17,ME02,Phantasmal Flames,ETB,169.99,171.64,125.0,250.0,140
2026-04-17,ME02,Phantasmal Flames,PC ETB,170.0,177.62,130.0,248.88,51
2026-04-17,ME02,Phantasmal Flames,Booster Bundle,88.94,91.94,70.0,140.0,62
2026-04-17,ME2.5,Ascended Heroes,ETB,209.45,227.74,165.0,370.0,112
2026-04-17,ME2.5,Ascended Heroes,PC ETB,235.0,337.64,165.0,995.0,38
2026-04-17,ME2.5,Ascended Heroes,Booster Bundle,109.3,110.66,65.99,160.0,28
2026-04-17,ME03,Perfect Order,Booster Box,309.5,310.23,275.0,360.0,42
2026-04-17,ME03,Perfect Order,ETB,120.99,119.97,95.0,139.99,39
2026-04-17,ME03,Perfect Order,PC ETB,122.0,119.94,95.0,139.99,20
2026-04-17,ME03,Perfect Order,Booster Bundle,64.45,69.99,51.99,95.0,20
2026-04-17,SV01,Scarlet & Violet,Booster Box,432.0,429.81,379.0,479.88,14
2026-04-17,SV01,Scarlet & Violet,ETB,229.99,271.23,155.0,450.0,15
2026-04-17,SV02,Paldea Evolved,Booster Box,650.0,650.2,550.0,750.0,53
2026-04-17,SV02,Paldea Evolved,ETB,300.0,309.22,199.0,418.88,23
2026-04-17,SV03,Obsidian Flames,Booster Box,547.0,530.75,460.0,599.0,24
2026-04-17,SV03,Obsidian Flames,ETB,390.0,390.29,260.0,510.0,29
2026-04-17,SV04,Paradox Rift,Booster Box,419.48,421.69,390.0,480.0,32
2026-04-17,SV04,Paradox Rift,ETB,210.0,202.61,145.0,229.99,13
2026-04-17,SV05,Temporal Forces,Booster Box,429.99,430.71,359.0,500.0,27
2026-04-17,SV05,Temporal Forces,ETB,200.0,201.2,164.5,238.88,20
2026-04-17,SV06,Twilight Masquerade,Booster Box,520.0,528.92,450.0,599.0,26
2026-04-17,SV06,Twilight Masquerade,ETB,161.5,165.46,130.5,200.0,29
2026-04-17,SV07,Stellar Crown,Booster Box,449.75,443.66,375.0,529.88,16
2026-04-17,SV07,Stellar Crown,ETB,214.95,206.67,160.0,279.99,21
2026-04-17,SV08,Surging Sparks,Booster Box,479.95,473.48,395.0,588.88,47
2026-04-17,SV08,Surging Sparks,ETB,160.0,162.84,110.5,215.95,69
2026-04-17,SV09,Journey Together,Booster Box,425.25,423.75,395.0,449.5,4
2026-04-17,SV09,Journey Together,ETB,200.0,208.26,138.99,289.99,31
2026-04-17,SV10,Destined Rivals,Booster Box,900.0,867.01,660.0,1050.0,41
2026-04-17,SV10,Destined Rivals,ETB,335.0,336.0,210.0,435.0,47
2026-04-17,SV11,Black Bolt & White Flare,Booster Box,190.0,174.67,139.0,195.0,3
2026-04-17,SV11,Black Bolt & White Flare,ETB,209.44,249.26,140.0,450.0,44
2026-04-17,SV3.5,Pokemon 151,ETB,699.0,736.87,499.0,1250.0,88
2026-04-17,SV3.5,Pokemon 151,Booster Bundle,220.0,230.47,162.5,340.0,87
2026-04-17,SV4.5,Paldean Fates,ETB,425.0,440.03,301.58,600.0,64
2026-04-17,SV4.5,Paldean Fates,Booster Bundle,204.95,208.5,157.5,289.99,33
2026-04-17,PROMO,Promos,EB Games Gengar 050/088,138.5,135.94,89.95,185.0,144
2026-04-17,PROMO,Promos,Eevee SVP 173 Black Star Promo,26.17,27.98,20.73,49.99,109
2026-04-17,PROMO,Promos,Lucario VSTAR SWSH291 Black Star Promo,24.99,25.9,20.19,35.0,57
2026-04-17,PROMO,Promos,Mega Lucario ex MEP 033 Black Star Promo,40.0,40.31,30.0,49.99,57
2026-04-17,PROMO,Promos,Riolu 010 Mega Evolution ETB Promo,24.95,24.83,21.0,30.0,37
2026-04-17,PROMO,Promos,Snorlax SVP 051 Pokemon 151 ETB Promo,40.0,41.38,24.0,65.0,52
2026-04-17,PROMO,Promos,Venusaur 13 Black Star Promo,235.0,265.65,144.95,555.0,11
2026-04-17,SV03,Obsidian Flames,Cleffa IR 202/197,40.0,43.04,27.27,60.0,44
2026-04-17,SV06,Twilight Masquerade,Chansey IR 187/167,60.0,62.15,37.0,98.99,59
2026-04-17,SV08,Surging Sparks,Ceruledge IR 197/191,29.62,28.13,21.0,35.0,46
2026-04-17,PROMO,Promos,Detective Pikachu 098/SV-P Japanese Promo,467.5,462.5,250.0,670.0,3
2026-04-17,JT,Journey Together,Lillie's Clefairy ex 184/159 SIR PSA 10,791.69,791.69,783.88,799.5,2
2026-04-17,JT,Journey Together,Lillie's Clefairy ex 184/159 SIR Raw,245.75,242.93,150.0,300.0,40
2026-04-17,SV10,Destined Rivals,Team Rocket's Mewtwo ex 231/182 SIR PSA 10,2150.0,2118.88,1775.0,2500.0,8
2026-04-17,SV10,Destined Rivals,Team Rocket's Mewtwo ex 231/182 SIR PSA 9,980.0,980.0,969.99,990.0,2
2026-04-17,SV10,Destined Rivals,Team Rocket's Mewtwo ex 231/182 SIR Raw,800.0,808.38,600.0,1000.0,41
2026-04-18,ME01,Mega Evolution,Booster Box,405.0,405.0,400.0,410.0,2
2026-04-18,ME01,Mega Evolution,Enhanced Booster Box,427.49,430.32,375.0,500.0,40
2026-04-18,ME01,Mega Evolution,ETB,170.0,167.7,139.0,210.0,21
2026-04-18,ME01,Mega Evolution,PC ETB,170.0,173.68,139.0,250.0,23
2026-04-18,ME01,Mega Evolution,Booster Bundle,85.0,83.23,70.0,89.99,21
2026-04-18,ME02,Phantasmal Flames,Booster Box,499.99,504.3,305.0,689.99,144
2026-04-18,ME02,Phantasmal Flames,ETB,170.0,173.59,125.0,250.0,136
2026-04-18,ME02,Phantasmal Flames,PC ETB,170.0,178.16,130.0,270.0,51
2026-04-18,ME02,Phantasmal Flames,Booster Bundle,88.94,91.94,70.0,140.0,62
2026-04-18,ME2.5,Ascended Heroes,ETB,209.0,227.63,165.0,370.0,111
2026-04-18,ME2.5,Ascended Heroes,PC ETB,205.0,216.35,165.0,300.0,35
2026-04-18,ME2.5,Ascended Heroes,Booster Bundle,109.79,112.45,65.99,160.0,30
2026-04-18,ME03,Perfect Order,Booster Box,304.0,306.34,275.0,350.0,41
2026-04-18,ME03,Perfect Order,ETB,120.0,119.89,95.0,139.99,41
2026-04-18,ME03,Perfect Order,PC ETB,123.99,120.57,95.0,139.99,19
2026-04-18,ME03,Perfect Order,Booster Bundle,64.45,69.99,51.99,95.0,20
2026-04-18,SV01,Scarlet & Violet,Booster Box,432.5,432.36,379.0,479.88,12
2026-04-18,SV01,Scarlet & Violet,ETB,312.0,289.91,155.0,450.0,16
2026-04-18,SV02,Paldea Evolved,Booster Box,650.0,651.12,550.0,750.0,54
2026-04-18,SV02,Paldea Evolved,ETB,300.0,311.92,199.0,418.88,22
2026-04-18,SV03,Obsidian Flames,Booster Box,547.0,530.75,460.0,599.0,24
2026-04-18,SV03,Obsidian Flames,ETB,395.0,393.69,275.0,510.0,28
2026-04-18,SV04,Paradox Rift,Booster Box,419.95,422.55,390.0,480.0,31
2026-04-18,SV04,Paradox Rift,ETB,210.0,204.5,145.0,229.99,12
2026-04-18,SV05,Temporal Forces,Booster Box,429.5,430.51,359.0,500.0,28
2026-04-18,SV05,Temporal Forces,ETB,202.0,202.17,164.5,238.88,18
2026-04-18,SV06,Twilight Masquerade,Booster Box,520.0,528.96,450.0,599.0,27
2026-04-18,SV06,Twilight Masquerade,ETB,161.5,165.46,130.5,200.0,29
2026-04-18,SV07,Stellar Crown,Booster Box,449.99,446.97,375.0,529.88,17
2026-04-18,SV07,Stellar Crown,ETB,214.95,206.67,160.0,279.99,21
2026-04-18,SV08,Surging Sparks,Booster Box,480.0,476.17,395.0,588.88,49
2026-04-18,SV08,Surging Sparks,ETB,161.5,164.11,110.5,215.95,70
2026-04-18,SV09,Journey Together,Booster Box,440.0,431.25,395.0,450.0,4
2026-04-18,SV09,Journey Together,ETB,200.0,206.49,130.0,289.99,31
2026-04-18,SV10,Destined Rivals,Booster Box,900.0,861.07,660.0,1050.0,40
2026-04-18,SV10,Destined Rivals,ETB,339.0,337.83,210.0,435.0,47
2026-04-18,SV11,Black Bolt & White Flare,Booster Box,167.0,167.0,139.0,195.0,2
2026-04-18,SV11,Black Bolt & White Flare,ETB,208.88,249.26,150.0,450.0,45
2026-04-18,SV3.5,Pokemon 151,ETB,699.48,739.71,499.0,1250.0,86
2026-04-18,SV3.5,Pokemon 151,Booster Bundle,220.0,231.18,162.5,340.0,86
2026-04-18,SV4.5,Paldean Fates,ETB,425.0,440.03,301.58,600.0,64
2026-04-18,SV4.5,Paldean Fates,Booster Bundle,205.0,210.72,157.5,289.99,31
2026-04-18,PROMO,Promos,EB Games Gengar 050/088,140.18,138.18,90.0,190.5,144
2026-04-18,PROMO,Promos,Eevee SVP 173 Black Star Promo,26.17,27.98,20.73,49.99,109
2026-04-18,PROMO,Promos,Lucario VSTAR SWSH291 Black Star Promo,24.99,25.93,20.19,35.0,57
2026-04-18,PROMO,Promos,Mega Lucario ex MEP 033 Black Star Promo,40.0,40.58,30.0,49.99,58
2026-04-18,PROMO,Promos,Riolu 010 Mega Evolution ETB Promo,24.95,24.83,21.0,30.0,37
2026-04-18,PROMO,Promos,Snorlax SVP 051 Pokemon 151 ETB Promo,40.0,41.51,24.0,65.0,51
2026-04-18,PROMO,Promos,Venusaur 13 Black Star Promo,235.0,265.65,144.95,555.0,11
2026-04-18,SV03,Obsidian Flames,Cleffa IR 202/197,41.0,45.49,27.27,80.0,45
2026-04-18,SV06,Twilight Masquerade,Chansey IR 187/167,60.0,62.33,37.0,98.99,58
2026-04-18,SV08,Surging Sparks,Ceruledge IR 197/191,29.75,28.49,21.0,40.0,47
2026-04-18,PROMO,Promos,Detective Pikachu 098/SV-P Japanese Promo,467.5,462.5,250.0,670.0,3
2026-04-18,JT,Journey Together,Lillie's Clefairy ex 184/159 SIR PSA 10,791.69,791.69,783.88,799.5,2
2026-04-18,JT,Journey Together,Lillie's Clefairy ex 184/159 SIR Raw,245.75,242.96,150.0,300.0,40
2026-04-18,SV10,Destined Rivals,Team Rocket's Mewtwo ex 231/182 SIR PSA 10,2150.0,2118.88,1775.0,2500.0,8
2026-04-18,SV10,Destined Rivals,Team Rocket's Mewtwo ex 231/182 SIR PSA 9,980.0,980.0,969.99,990.0,2
2026-04-18,SV10,Destined Rivals,Team Rocket's Mewtwo ex 231/182 SIR Raw,800.0,808.38,600.0,1000.0,41
2026-04-19,ME01,Mega Evolution,Booster Box,405.0,405.0,400.0,410.0,2
2026-04-19,ME01,Mega Evolution,Enhanced Booster Box,425.0,429.8,375.0,500.0,41
2026-04-19,ME01,Mega Evolution,ETB,170.0,166.88,139.99,195.0,20
2026-04-19,ME01,Mega Evolution,PC ETB,170.0,168.56,139.0,195.0,21
2026-04-19,ME01,Mega Evolution,Booster Bundle,85.0,83.14,70.0,89.99,20
2026-04-19,ME02,Phantasmal Flames,Booster Box,499.99,504.3,305.0,689.99,144
2026-04-19,ME02,Phantasmal Flames,ETB,170.0,173.59,125.0,250.0,136
2026-04-19,ME02,Phantasmal Flames,Booster Bundle,89.0,91.9,70.0,140.0,63
2026-04-19,ME2.5,Ascended Heroes,ETB,210.0,230.57,165.0,370.0,111
2026-04-19,ME2.5,Ascended Heroes,Booster Bundle,109.59,111.57,65.99,160.0,31
2026-04-19,ME03,Perfect Order,Booster Box,300.0,306.56,275.0,350.0,41
2026-04-19,ME03,Perfect Order,ETB,120.0,120.32,95.0,139.99,41
2026-04-19,ME03,Perfect Order,PC ETB,125.0,121.69,95.0,139.99,20
2026-04-19,ME03,Perfect Order,Booster Bundle,64.0,69.06,50.5,95.0,21
2026-04-19,SV01,Scarlet & Violet,Booster Box,432.5,433.09,379.0,479.88,14
2026-04-19,SV01,Scarlet & Violet,ETB,305.0,297.03,155.0,500.0,17
2026-04-19,SV02,Paldea Evolved,Booster Box,650.0,652.97,550.0,750.0,54
2026-04-19,SV02,Paldea Evolved,ETB,300.0,308.67,199.0,418.88,21
2026-04-19,SV03,Obsidian Flames,Booster Box,549.0,532.09,460.0,599.0,23
2026-04-19,SV03,Obsidian Flames,ETB,390.0,389.08,259.99,510.0,29
2026-04-19,SV04,Paradox Rift,Booster Box,419.95,422.55,390.0,480.0,31
2026-04-19,SV04,Paradox Rift,ETB,210.0,204.5,145.0,229.99,12
2026-04-19,SV05,Temporal Forces,Booster Box,429.5,430.51,359.0,500.0,28
2026-04-19,SV05,Temporal Forces,ETB,202.0,202.17,164.5,238.88,18
2026-04-19,SV06,Twilight Masquerade,Booster Box,520.0,528.92,450.0,599.0,26
2026-04-19,SV06,Twilight Masquerade,ETB,164.7,165.41,130.5,185.0,30
2026-04-19,SV07,Stellar Crown,Booster Box,449.99,446.97,375.0,529.88,17
2026-04-19,SV07,Stellar Crown,ETB,214.95,206.67,160.0,279.99,21
2026-04-19,SV08,Surging Sparks,Booster Box,480.0,476.17,395.0,588.88,49
2026-04-19,SV08,Surging Sparks,ETB,162.99,164.19,110.5,215.95,71
2026-04-19,SV09,Journey Together,Booster Box,440.0,431.25,395.0,450.0,4
2026-04-19,SV10,Destined Rivals,Booster Box,900.0,870.75,660.0,1050.0,37
2026-04-19,SV11,Black Bolt & White Flare,Booster Box,167.0,167.0,139.0,195.0,2
2026-04-19,SV11,Black Bolt & White Flare,ETB,209.44,247.73,140.0,450.0,46
2026-04-19,SV3.5,Pokemon 151,ETB,699.95,740.18,499.0,1250.0,85
2026-04-19,SV3.5,Pokemon 151,Booster Bundle,220.12,232.2,162.5,340.0,86
2026-04-19,SV4.5,Paldean Fates,ETB,430.5,447.4,301.58,600.0,50
2026-04-19,SV4.5,Paldean Fates,Booster Bundle,205.0,210.72,157.5,289.99,31
2026-04-19,PROMO,Promos,EB Games Gengar 050/088,150.0,143.04,100.0,172.5,47
2026-04-19,PROMO,Promos,Eevee SVP 173 Black Star Promo,29.95,29.42,21.99,49.99,77
2026-04-19,PROMO,Promos,Lucario VSTAR SWSH291 Black Star Promo,24.99,26.14,20.19,35.0,58
2026-04-19,PROMO,Promos,Mega Lucario ex MEP 033 Black Star Promo,40.0,41.24,34.99,50.0,54
2026-04-19,PROMO,Promos,Riolu 010 Mega Evolution ETB Promo,24.95,24.84,21.0,30.0,38
2026-04-19,PROMO,Promos,Snorlax SVP 051 Pokemon 151 ETB Promo,40.0,41.51,24.0,65.0,51
2026-04-19,PROMO,Promos,Venusaur 13 Black Star Promo,235.0,265.65,144.95,555.0,11
2026-04-19,SV03,Obsidian Flames,Cleffa IR 202/197,41.0,45.49,27.27,80.0,45
2026-04-19,SV06,Twilight Masquerade,Chansey IR 187/167,60.0,62.33,37.0,98.99,58
2026-04-19,SV08,Surging Sparks,Ceruledge IR 197/191,29.95,28.68,21.0,40.0,47
2026-04-19,PROMO,Promos,Detective Pikachu 098/SV-P Japanese Promo,467.5,467.5,467.5,467.5,1
2026-04-19,JT,Journey Together,Lillie's Clefairy ex 184/159 SIR PSA 10,791.69,791.69,783.88,799.5,2
2026-04-19,SV10,Destined Rivals,Team Rocket's Mewtwo ex 231/182 SIR PSA 10,2150.0,2118.88,1775.0,2500.0,8
2026-04-19,SV10,Destined Rivals,Team Rocket's Mewtwo ex 231/182 SIR PSA 9,980.0,980.0,969.99,990.0,2
2026-04-19,SV10,Destined Rivals,Team Rocket's Mewtwo ex 231/182 SIR Raw,800.0,808.38,600.0,1000.0,41
2026-04-20,ME01,Mega Evolution,Booster Box,405.0,405.0,400.0,410.0,2
2026-04-20,ME01,Mega Evolution,Enhanced Booster Box,425.0,429.09,375.0,500.0,42
2026-04-20,ME01,Mega Evolution,ETB,170.0,170.75,139.99,210.0,22
2026-04-20,ME01,Mega Evolution,Booster Bundle,85.0,83.89,70.0,100.0,20
2026-04-20,ME02,Phantasmal Flames,ETB,170.0,175.1,125.0,270.0,137
2026-04-20,ME02,Phantasmal Flames,PC ETB,179.0,182.29,130.0,270.0,49
2026-04-20,ME02,Phantasmal Flames,Booster Bundle,89.0,90.91,70.0,129.95,63
2026-04-20,ME2.5,Ascended Heroes,ETB,210.0,230.62,165.0,370.0,110
2026-04-20,ME2.5,Ascended Heroes,PC ETB,205.0,216.31,165.0,314.95,33
2026-04-20,ME2.5,Ascended Heroes,Booster Bundle,110.0,114.32,65.99,160.0,33
2026-04-20,ME03,Perfect Order,Booster Box,300.0,306.09,275.0,350.0,41
2026-04-20,ME03,Perfect Order,ETB,121.69,121.1,95.0,139.99,42
2026-04-20,ME03,Perfect Order,PC ETB,124.5,122.18,95.0,139.99,20
2026-04-20,ME03,Perfect Order,Booster Bundle,60.1,67.51,50.0,95.0,23
2026-04-20,SV01,Scarlet & Violet,Booster Box,432.5,433.09,379.0,479.88,14
2026-04-20,SV01,Scarlet & Violet,ETB,314.5,297.47,155.0,500.0,18
2026-04-20,SV02,Paldea Evolved,ETB,300.0,310.55,199.0,418.88,22
2026-04-20,SV03,Obsidian Flames,ETB,385.0,384.78,259.99,510.0,30
2026-04-20,SV04,Paradox Rift,Booster Box,419.97,422.98,390.0,480.0,30
2026-04-20,SV05,Temporal Forces,Booster Box,432.5,435.23,376.0,481.5,26
2026-04-20,SV05,Temporal Forces,ETB,202.0,202.16,164.5,238.88,19
2026-04-20,SV06,Twilight Masquerade,Booster Box,520.0,528.41,450.0,599.0,27
2026-04-20,SV06,Twilight Masquerade,ETB,165.0,165.44,130.5,185.0,29
2026-04-20,SV07,Stellar Crown,Booster Box,449.99,446.97,375.0,529.88,17
2026-04-20,SV08,Surging Sparks,Booster Box,479.98,476.15,395.0,588.88,50
2026-04-20,SV08,Surging Sparks,ETB,164.0,164.54,110.5,215.95,70
2026-04-20,SV10,Destined Rivals,Booster Box,900.0,875.8,660.0,1050.0,35
2026-04-20,SV11,Black Bolt & White Flare,Booster Box,167.0,167.0,139.0,195.0,2
2026-04-20,SV11,Black Bolt & White Flare,ETB,206.44,246.49,140.0,450.0,46
2026-04-20,SV3.5,Pokemon 151,ETB,699.95,740.18,499.0,1250.0,85
2026-04-20,SV3.5,Pokemon 151,Booster Bundle,222.62,233.25,162.5,340.0,86
2026-04-20,SV4.5,Paldean Fates,ETB,427.5,441.34,301.58,600.0,62
2026-04-20,SV4.5,Paldean Fates,Booster Bundle,210.0,214.61,157.5,289.99,30
2026-04-20,PROMO,Promos,EB Games Gengar 050/088,142.0,139.58,96.0,190.5,144
2026-04-20,PROMO,Promos,Eevee SVP 173 Black Star Promo,27.0,28.29,20.73,50.0,111
2026-04-20,PROMO,Promos,Lucario VSTAR SWSH291 Black Star Promo,24.99,26.06,20.19,35.0,58
2026-04-20,PROMO,Promos,Mega Lucario ex MEP 033 Black Star Promo,40.0,41.51,34.99,50.0,54
2026-04-20,PROMO,Promos,Riolu 010 Mega Evolution ETB Promo,24.95,24.91,21.0,30.0,37
2026-04-20,PROMO,Promos,Snorlax SVP 051 Pokemon 151 ETB Promo,40.48,41.57,24.0,65.0,52
2026-04-20,PROMO,Promos,Venusaur 13 Black Star Promo,235.0,265.65,144.95,555.0,11
2026-04-20,SV03,Obsidian Flames,Cleffa IR 202/197,43.0,47.68,27.27,80.0,47
2026-04-20,SV06,Twilight Masquerade,Chansey IR 187/167,60.0,63.16,37.0,98.99,57
2026-04-20,SV08,Surging Sparks,Ceruledge IR 197/191,29.95,28.68,21.0,40.0,47
2026-04-20,PROMO,Promos,Detective Pikachu 098/SV-P Japanese Promo,467.5,467.5,467.5,467.5,1
2026-04-20,JT,Journey Together,Lillie's Clefairy ex 184/159 SIR PSA 10,791.69,791.69,783.88,799.5,2
2026-04-20,JT,Journey Together,Lillie's Clefairy ex 184/159 SIR Raw,245.75,243.11,150.0,300.0,38
2026-04-20,SV10,Destined Rivals,Team Rocket's Mewtwo ex 231/182 SIR PSA 10,2150.0,2118.88,1775.0,2500.0,8
2026-04-20,SV10,Destined Rivals,Team Rocket's Mewtwo ex 231/182 SIR PSA 9,980.0,980.0,969.99,990.0,2
2026-04-20,SV10,Destined Rivals,Team Rocket's Mewtwo ex 231/182 SIR Raw,809.6,812.95,600.0,1000.0,42
2026-04-21,ME01,Mega Evolution,Booster Box,405.0,405.0,400.0,410.0,2
2026-04-21,ME01,Mega Evolution,Enhanced Booster Box,425.0,430.07,375.0,500.0,41
2026-04-21,ME01,Mega Evolution,ETB,170.0,170.3,139.99,198.95,22
2026-04-21,ME01,Mega Evolution,PC ETB,170.0,170.83,139.99,198.95,20
2026-04-21,ME01,Mega Evolution,Booster Bundle,85.0,82.88,70.0,89.99,20
2026-04-21,ME02,Phantasmal Flames,Booster Box,500.0,508.15,305.0,689.99,144
2026-04-21,ME02,Phantasmal Flames,ETB,170.0,175.27,125.0,270.0,138
2026-04-21,ME02,Phantasmal Flames,PC ETB,175.0,179.32,130.0,250.0,49
2026-04-21,ME02,Phantasmal Flames,Booster Bundle,89.0,90.88,70.0,129.95,64
2026-04-21,ME2.5,Ascended Heroes,ETB,212.5,232.21,165.0,350.0,108
2026-04-21,ME2.5,Ascended Heroes,PC ETB,210.0,221.79,165.0,329.0,32
2026-04-21,ME2.5,Ascended Heroes,Booster Bundle,110.0,113.52,45.0,160.0,36
2026-04-21,ME03,Perfect Order,Booster Box,300.0,305.95,275.0,350.0,42
2026-04-21,ME03,Perfect Order,ETB,122.7,121.81,95.0,139.99,42
2026-04-21,ME03,Perfect Order,PC ETB,122.0,121.26,95.0,139.99,22
2026-04-21,ME03,Perfect Order,Booster Bundle,60.1,66.95,50.0,95.0,25
2026-04-21,SV01,Scarlet & Violet,Booster Box,439.0,433.49,379.0,479.88,15
2026-04-21,SV01,Scarlet & Violet,ETB,249.95,284.65,155.0,500.0,19
2026-04-21,SV02,Paldea Evolved,Booster Box,650.0,653.76,550.0,750.0,56
2026-04-21,SV02,Paldea Evolved,ETB,300.0,310.55,199.0,418.88,22
2026-04-21,SV03,Obsidian Flames,Booster Box,549.0,532.09,460.0,599.0,23
2026-04-21,SV03,Obsidian Flames,ETB,395.0,392.61,260.0,510.0,30
2026-04-21,SV04,Paradox Rift,Booster Box,419.99,423.78,390.0,480.0,29
2026-04-21,SV04,Paradox Rift,ETB,212.5,211.58,188.8,229.99,12
2026-04-21,SV05,Temporal Forces,Booster Box,432.5,435.23,376.0,481.5,26
2026-04-21,SV05,Temporal Forces,ETB,202.0,202.16,164.5,238.88,19
2026-04-21,SV06,Twilight Masquerade,Booster Box,520.0,528.41,450.0,599.0,27
2026-04-21,SV06,Twilight Masquerade,ETB,161.5,163.68,129.95,185.0,29
2026-04-21,SV07,Stellar Crown,Booster Box,449.99,446.97,375.0,529.88,17
2026-04-21,SV07,Stellar Crown,ETB,214.95,206.67,160.0,279.99,21
2026-04-21,SV08,Surging Sparks,Booster Box,479.95,472.55,395.0,550.0,47
2026-04-21,SV08,Surging Sparks,ETB,165.0,165.52,110.5,215.95,73
2026-04-21,SV09,Journey Together,Booster Box,430.5,425.17,395.0,450.0,3
2026-04-21,SV09,Journey Together,ETB,200.0,209.19,130.0,302.0,35
2026-04-21,SV10,Destined Rivals,Booster Box,900.0,868.36,660.0,1050.0,38
2026-04-21,SV10,Destined Rivals,ETB,349.75,347.26,245.0,450.0,44
2026-04-21,SV11,Black Bolt & White Flare,Booster Box,167.0,167.0,139.0,195.0,2
2026-04-21,SV11,Black Bolt & White Flare,ETB,204.0,241.99,140.0,439.0,45
2026-04-21,SV3.5,Pokemon 151,ETB,699.95,740.18,499.0,1250.0,85
2026-04-21,SV3.5,Pokemon 151,Booster Bundle,232.5,235.26,167.27,340.0,86
2026-04-21,SV4.5,Paldean Fates,ETB,427.5,441.34,301.58,600.0,62
2026-04-21,SV4.5,Paldean Fates,Booster Bundle,210.0,213.28,157.5,280.0,30
2026-04-21,PROMO,Promos,EB Games Gengar 050/088,142.0,139.69,96.0,190.5,143
2026-04-21,PROMO,Promos,Eevee SVP 173 Black Star Promo,27.5,28.37,20.73,50.0,111
2026-04-21,PROMO,Promos,Lucario VSTAR SWSH291 Black Star Promo,24.99,26.07,20.19,35.0,58
2026-04-21,PROMO,Promos,Mega Lucario ex MEP 033 Black Star Promo,40.0,41.51,34.99,50.0,54
2026-04-21,PROMO,Promos,Riolu 010 Mega Evolution ETB Promo,24.95,24.91,21.0,30.0,37
2026-04-21,PROMO,Promos,Snorlax SVP 051 Pokemon 151 ETB Promo,40.95,41.73,24.0,65.0,53
2026-04-21,PROMO,Promos,Venusaur 13 Black Star Promo,235.0,265.65,144.95,555.0,11
2026-04-21,SV03,Obsidian Flames,Cleffa IR 202/197,43.98,47.84,27.27,80.0,46
2026-04-21,SV06,Twilight Masquerade,Chansey IR 187/167,60.0,63.28,37.0,98.99,58
2026-04-21,SV08,Surging Sparks,Ceruledge IR 197/191,29.95,28.68,21.0,40.0,47
2026-04-21,PROMO,Promos,Detective Pikachu 098/SV-P Japanese Promo,467.5,467.5,467.5,467.5,1
2026-04-21,JT,Journey Together,Lillie's Clefairy ex 184/159 SIR PSA 10,791.69,791.69,783.88,799.5,2
2026-04-21,JT,Journey Together,Lillie's Clefairy ex 184/159 SIR Raw,248.25,244.13,150.0,300.0,38
2026-04-21,SV10,Destined Rivals,Team Rocket's Mewtwo ex 231/182 SIR PSA 10,2200.0,2168.0,1899.0,2500.0,7
2026-04-21,SV10,Destined Rivals,Team Rocket's Mewtwo ex 231/182 SIR PSA 9,980.0,980.0,969.99,990.0,2
2026-04-21,SV10,Destined Rivals,Team Rocket's Mewtwo ex 231/182 SIR Raw,819.19,813.26,600.0,1000.0,41
2026-04-22,ME01,Mega Evolution,Booster Box,400.0,400.0,390.0,410.0,3
2026-04-22,ME01,Mega Evolution,Enhanced Booster Box,425.0,429.33,375.0,500.0,41
2026-04-22,ME01,Mega Evolution,ETB,172.5,173.95,139.99,210.0,32
2026-04-22,ME01,Mega Evolution,PC ETB,175.0,173.82,139.99,200.0,24
2026-04-22,ME01,Mega Evolution,Booster Bundle,85.0,83.38,70.0,100.0,24
2026-04-22,ME02,Phantasmal Flames,Booster Box,500.0,511.49,269.95,749.88,146
2026-04-22,ME02,Phantasmal Flames,ETB,170.0,176.69,125.0,270.0,137
2026-04-22,ME02,Phantasmal Flames,PC ETB,170.0,177.28,130.0,250.0,53
2026-04-22,ME02,Phantasmal Flames,Booster Bundle,89.0,90.9,70.0,129.95,63
2026-04-22,ME2.5,Ascended Heroes,ETB,218.95,233.73,165.0,350.0,105
2026-04-22,ME2.5,Ascended Heroes,PC ETB,184.99,206.59,160.0,329.0,37
2026-04-22,ME2.5,Ascended Heroes,Booster Bundle,119.5,114.89,45.0,160.0,36
2026-04-22,ME03,Perfect Order,Booster Box,305.0,307.85,275.0,350.0,42
2026-04-22,ME03,Perfect Order,ETB,122.7,121.62,100.0,139.99,40
2026-04-22,ME03,Perfect Order,PC ETB,123.99,121.47,100.0,139.99,23
2026-04-22,ME03,Perfect Order,Booster Bundle,60.1,66.95,50.0,95.0,25
2026-04-22,SV01,Scarlet & Violet,Booster Box,425.0,431.79,379.0,479.88,13
2026-04-22,SV01,Scarlet & Violet,ETB,239.97,275.96,155.0,500.0,20
2026-04-22,SV02,Paldea Evolved,Booster Box,650.0,653.76,550.0,750.0,56
2026-04-22,SV02,Paldea Evolved,ETB,322.5,318.98,199.0,418.88,20
2026-04-22,SV03,Obsidian Flames,Booster Box,549.5,533.55,460.0,599.0,22
2026-04-22,SV03,Obsidian Flames,ETB,399.99,395.75,260.0,510.0,31
2026-04-22,SV04,Paradox Rift,Booster Box,419.99,423.78,390.0,480.0,29
2026-04-22,SV04,Paradox Rift,ETB,212.5,211.58,188.8,229.99,12
2026-04-22,SV05,Temporal Forces,Booster Box,432.5,435.23,376.0,481.5,26
2026-04-22,SV05,Temporal Forces,ETB,204.0,202.43,164.5,238.88,19
2026-04-22,SV06,Twilight Masquerade,Booster Box,520.0,528.41,450.0,599.0,27
2026-04-22,SV06,Twilight Masquerade,ETB,163.25,164.74,129.95,209.99,28
2026-04-22,SV07,Stellar Crown,Booster Box,450.0,447.7,375.0,529.88,18
2026-04-22,SV07,Stellar Crown,ETB,214.95,206.67,160.0,279.99,21
2026-04-22,SV08,Surging Sparks,Booster Box,479.98,476.82,395.0,588.88,48
2026-04-22,SV08,Surging Sparks,ETB,165.0,166.5,135.0,215.95,74
2026-04-22,SV09,Journey Together,Booster Box,425.25,423.88,395.0,450.0,4
2026-04-22,SV09,Journey Together,ETB,207.5,208.81,130.0,289.99,32
2026-04-22,SV10,Destined Rivals,Booster Box,900.0,880.07,684.0,1050.0,41
2026-04-22,SV10,Destined Rivals,ETB,349.5,347.36,245.0,450.0,44
2026-04-22,SV11,Black Bolt & White Flare,Booster Box,167.0,167.0,139.0,195.0,2
2026-04-22,SV11,Black Bolt & White Flare,ETB,212.0,253.03,140.0,439.0,46
2026-04-22,SV3.5,Pokemon 151,ETB,699.98,746.11,499.0,1250.0,86
2026-04-22,SV3.5,Pokemon 151,Booster Bundle,232.5,235.25,167.18,340.0,86
2026-04-22,SV4.5,Paldean Fates,ETB,430.0,441.47,301.58,600.0,63
2026-04-22,SV4.5,Paldean Fates,Booster Bundle,205.0,210.72,157.5,279.95,31
2026-04-22,PROMO,Promos,EB Games Gengar 050/088,142.72,141.0,90.0,200.0,146
2026-04-22,PROMO,Promos,Eevee SVP 173 Black Star Promo,27.5,28.37,20.73,50.0,111
2026-04-22,PROMO,Promos,Lucario VSTAR SWSH291 Black Star Promo,24.99,26.06,20.19,35.0,60
2026-04-22,PROMO,Promos,Mega Lucario ex MEP 033 Black Star Promo,40.0,40.85,30.0,50.0,55
2026-04-22,PROMO,Promos,Riolu 010 Mega Evolution ETB Promo,24.95,24.97,21.0,30.0,36
2026-04-22,PROMO,Promos,Snorlax SVP 051 Pokemon 151 ETB Promo,42.45,41.88,24.0,65.0,56
2026-04-22,PROMO,Promos,Venusaur 13 Black Star Promo,235.0,265.65,144.95,555.0,11
2026-04-22,SV03,Obsidian Flames,Cleffa IR 202/197,44.95,48.06,27.27,80.0,45
2026-04-22,SV06,Twilight Masquerade,Chansey IR 187/167,60.0,63.34,37.0,98.99,57
2026-04-22,SV08,Surging Sparks,Ceruledge IR 197/191,29.95,28.68,21.0,40.0,47
2026-04-22,PROMO,Promos,Detective Pikachu 098/SV-P Japanese Promo,467.5,467.5,467.5,467.5,1
2026-04-22,JT,Journey Together,Lillie's Clefairy ex 184/159 SIR PSA 10,791.69,791.69,783.88,799.5,2
2026-04-22,JT,Journey Together,Lillie's Clefairy ex 184/159 SIR Raw,258.99,251.45,185.0,300.0,33
2026-04-22,SV10,Destined Rivals,Team Rocket's Mewtwo ex 231/182 SIR PSA 10,2225.0,2204.0,1899.0,2500.0,6
2026-04-22,SV10,Destined Rivals,Team Rocket's Mewtwo ex 231/182 SIR PSA 9,980.0,980.0,969.99,990.0,2
2026-04-22,SV10,Destined Rivals,Team Rocket's Mewtwo ex 231/182 SIR Raw,800.0,802.04,410.0,1000.0,46
2026-04-23,ME01,Mega Evolution,Booster Box,405.0,405.0,400.0,410.0,2
2026-04-23,ME01,Mega Evolution,Enhanced Booster Box,429.98,431.32,375.0,500.0,42
2026-04-23,ME01,Mega Evolution,ETB,175.0,172.46,139.99,198.95,25
2026-04-23,ME01,Mega Evolution,PC ETB,175.0,173.71,139.99,198.95,22
2026-04-23,ME01,Mega Evolution,Booster Bundle,85.0,83.6,70.0,100.0,23
2026-04-23,ME02,Phantasmal Flames,Booster Box,500.0,515.12,250.0,749.88,146
2026-04-23,ME02,Phantasmal Flames,ETB,170.5,176.45,125.0,250.0,131
2026-04-23,ME02,Phantasmal Flames,PC ETB,174.95,180.4,130.0,259.99,53
2026-04-23,ME02,Phantasmal Flames,Booster Bundle,89.0,90.9,70.0,129.95,63
2026-04-23,ME2.5,Ascended Heroes,ETB,219.97,234.74,165.0,350.0,104
2026-04-23,ME2.5,Ascended Heroes,PC ETB,189.0,212.85,165.0,329.0,39
2026-04-23,ME2.5,Ascended Heroes,Booster Bundle,120.0,114.09,45.0,150.0,39
2026-04-23,ME03,Perfect Order,Booster Box,304.5,307.52,275.0,350.0,42
2026-04-23,ME03,Perfect Order,ETB,121.69,122.06,100.0,139.99,40
2026-04-23,ME03,Perfect Order,PC ETB,123.99,121.77,100.0,139.99,23
2026-04-23,ME03,Perfect Order,Booster Bundle,60.05,67.04,50.0,95.0,24
2026-04-23,SV01,Scarlet & Violet,Booster Box,432.5,433.09,379.0,479.88,14
2026-04-23,SV01,Scarlet & Violet,ETB,277.48,288.23,155.0,500.0,18
2026-04-23,SV02,Paldea Evolved,Booster Box,650.0,654.28,550.0,750.0,55
2026-04-23,SV02,Paldea Evolved,ETB,300.0,317.48,199.0,469.95,23
2026-04-23,SV03,Obsidian Flames,Booster Box,549.0,532.09,460.0,599.0,23
2026-04-23,SV03,Obsidian Flames,ETB,395.0,391.51,259.99,510.0,32
2026-04-23,SV04,Paradox Rift,Booster Box,419.97,423.32,390.0,480.0,30
2026-04-23,SV04,Paradox Rift,ETB,212.5,211.58,188.8,229.99,12
2026-04-23,SV05,Temporal Forces,Booster Box,429.99,433.93,359.0,500.0,29
2026-04-23,SV05,Temporal Forces,ETB,204.0,204.29,179.95,238.88,19
2026-04-23,SV06,Twilight Masquerade,Booster Box,520.0,528.41,450.0,599.0,27
2026-04-23,SV06,Twilight Masquerade,ETB,161.5,164.54,129.95,209.99,29
2026-04-23,SV07,Stellar Crown,Booster Box,450.0,447.7,375.0,529.88,18
2026-04-23,SV07,Stellar Crown,ETB,214.95,206.67,160.0,279.99,21
2026-04-23,SV08,Surging Sparks,Booster Box,479.98,476.82,395.0,588.88,48
2026-04-23,SV08,Surging Sparks,ETB,165.0,167.36,135.0,230.95,75
2026-04-23,SV09,Journey Together,Booster Box,425.25,423.88,395.0,450.0,4
2026-04-23,SV09,Journey Together,ETB,210.0,213.98,130.0,302.0,33
2026-04-23,SV10,Destined Rivals,Booster Box,900.0,887.64,684.0,1050.0,36
2026-04-23,SV10,Destined Rivals,ETB,350.0,351.38,245.0,450.0,46
2026-04-23,SV11,Black Bolt & White Flare,Booster Box,167.0,167.0,139.0,195.0,2
2026-04-23,SV11,Black Bolt & White Flare,ETB,212.0,252.72,140.0,450.0,44
2026-04-23,SV3.5,Pokemon 151,ETB,700.0,747.24,499.0,1250.0,85
2026-04-23,SV3.5,Pokemon 151,Booster Bundle,225.0,234.47,162.5,340.0,87
2026-04-23,SV4.5,Paldean Fates,ETB,430.0,443.65,301.58,600.0,60
2026-04-23,SV4.5,Paldean Fates,Booster Bundle,214.99,217.85,157.5,289.99,31
2026-04-23,PROMO,Promos,EB Games Gengar 050/088,145.0,141.65,96.0,200.0,146
2026-04-23,PROMO,Promos,Eevee SVP 173 Black Star Promo,27.73,28.39,20.73,50.0,112
2026-04-23,PROMO,Promos,Lucario VSTAR SWSH291 Black Star Promo,24.99,25.98,20.19,35.0,59
2026-04-23,PROMO,Promos,Mega Lucario ex MEP 033 Black Star Promo,40.0,41.67,35.0,50.0,55
2026-04-23,PROMO,Promos,Riolu 010 Mega Evolution ETB Promo,24.95,24.78,21.0,30.0,37
2026-04-23,PROMO,Promos,Snorlax SVP 051 Pokemon 151 ETB Promo,42.45,41.88,24.0,65.0,56
2026-04-23,PROMO,Promos,Venusaur 13 Black Star Promo,235.0,265.65,144.95,555.0,11
2026-04-23,SV03,Obsidian Flames,Cleffa IR 202/197,44.95,48.06,27.27,80.0,45
2026-04-23,SV06,Twilight Masquerade,Chansey IR 187/167,60.0,64.18,37.0,100.0,57
2026-04-23,SV08,Surging Sparks,Ceruledge IR 197/191,29.85,28.66,21.0,40.0,50
2026-04-23,PROMO,Promos,Detective Pikachu 098/SV-P Japanese Promo,383.75,383.75,300.0,467.5,2
2026-04-23,JT,Journey Together,Lillie's Clefairy ex 184/159 SIR PSA 10,791.69,791.69,783.88,799.5,2
2026-04-23,JT,Journey Together,Lillie's Clefairy ex 184/159 SIR PSA 9,220.0,220.0,220.0,220.0,1
2026-04-23,JT,Journey Together,Lillie's Clefairy ex 184/159 SIR Raw,252.5,248.7,185.0,300.0,38
2026-04-23,SV10,Destined Rivals,Team Rocket's Mewtwo ex 231/182 SIR PSA 10,2200.0,2168.0,1899.0,2500.0,7
2026-04-23,SV10,Destined Rivals,Team Rocket's Mewtwo ex 231/182 SIR PSA 9,969.99,938.33,855.0,990.0,3
2026-04-23,SV10,Destined Rivals,Team Rocket's Mewtwo ex 231/182 SIR Raw,850.0,823.43,600.0,1000.0,39
